-- Adminer 4.5.0 MySQL dump

SET NAMES utf8;

SET foreign_key_checks = 0;
SET sql_mode = 'NO_AUTO_VALUE_ON_ZERO';


USE `fpis01`;

DROP TABLE IF EXISTS `ARTIKAL`;
CREATE TABLE `ARTIKAL` (
  `SIFRAARTIKLA` int(11) NOT NULL AUTO_INCREMENT,
  `NAZIVARTIKLA` varchar(200) NOT NULL,
  `JEDINICAMERE` varchar(20) DEFAULT NULL,
  `OPISARTIKLA` varchar(200) DEFAULT NULL,
  `cena` int(11) DEFAULT NULL,
  PRIMARY KEY (`SIFRAARTIKLA`),
  UNIQUE KEY `ARTIKAL_SIFRAARTIKLA_uindex` (`SIFRAARTIKLA`)
) ENGINE=InnoDB DEFAULT CHARSET=latin1;

INSERT INTO `ARTIKAL` (`SIFRAARTIKLA`, `NAZIVARTIKLA`, `JEDINICAMERE`, `OPISARTIKLA`, `cena`) VALUES
(1,	'Kamera',	'kom',	'ip kamera',	22),
(2,	'Yogurt - Raspberry, 175 Gr',	'kom',	'est lacinia',	22),
(3,	'Towel - Roll White',	'kom',	'interdum mauri',	22),
(4,	'Wine - Sawmill Creek Autumn',	'kom',	'morbi vel lectus in',	22),
(5,	'Chicken - Base, Ultimate',	'kom',	'venenatis tristique fusce congue diam',	22),
(6,	'Broom - Corn',	'kom',	'tristique in tempus sit amet',	22),
(7,	'Broom - Push',	'kom',	'faucibus orci',	22),
(8,	'Chicken - Whole Fryers',	'kom',	'rutrum ac lobortis vel dapibus',	22),
(9,	'Turnip - Wax',	'kom',	'velit nec nisi',	22),
(10,	'Lemon Tarts',	'kom',	'integer ac neque',	22),
(11,	'Noodles - Steamed Chow Mein',	'kom',	'tristique fusce',	22),
(12,	'Horseradish Root',	'kom',	'massa id',	22),
(13,	'Gelatine Powder',	'kom',	'id massa id nisl',	22),
(14,	'Halibut - Fletches',	'kom',	'viverra eget',	22),
(15,	'Sorrel - Fresh',	'kom',	'est risus auctor sed tristique',	22),
(16,	'Ham - Procutinni',	'kom',	'donec semper',	22),
(21,	'Art',	'kom',	'test',	22),
(22,	'Towel - Roll White',	'kom',	'interdum mauris',	22),
(24,	'eer',	'trtt',	'rrrt',	2255),
(25,	'test3',	'kom',	'jnj',	888);

DROP TABLE IF EXISTS `Dobavljac`;
CREATE TABLE `Dobavljac` (
  `SifraDobavljaca` int(10) NOT NULL AUTO_INCREMENT,
  `Ime` varchar(255) DEFAULT NULL,
  `Adresa` varchar(255) DEFAULT NULL,
  `BrTel` int(10) DEFAULT NULL,
  `Email` varchar(255) DEFAULT NULL,
  PRIMARY KEY (`SifraDobavljaca`)
) ENGINE=InnoDB DEFAULT CHARSET=latin1;

INSERT INTO `Dobavljac` (`SifraDobavljaca`, `Ime`, `Adresa`, `BrTel`, `Email`) VALUES
(1,	'Nelco Laboratories, Inc.',	'4134 Main Center',	797152,	'tbenyon0@newyorker.com'),
(2,	'McKesson Packaging Services a business unit of McKesson Corporation',	'5 Carey Trail',	503191,	'dsorton1@columbia.edu'),
(3,	'Lake Erie Medical & Surgical Supply DBA Quality Care Products LLC',	'989 Delladonna Circle',	928582,	'bpeschke2@pbs.org'),
(4,	'Contract Pharmacy Services-PA',	'87 Portage Place',	134675,	'apavyer3@addtoany.com'),
(5,	'Bolero Home Decor, Inc.',	'086 Crest Line Terrace',	965604,	'pforrest4@jimdo.com'),
(6,	'Parfums Christian Dior',	'22 Fordem Place',	559131,	'fheaselgrave5@europa.eu'),
(7,	'Laser Pharmaceuticals, LLC',	'8894 Merry Point',	193859,	'abellringer6@vimeo.com'),
(8,	'Valeant Pharmaceuticals North America LLC',	'721 Arrowood Hill',	534002,	'kwill7@sakura.ne.jp'),
(9,	'Actavis Elizabeth LLC',	'160 Jenifer Avenue',	499974,	'xheadley8@istockphoto.com'),
(10,	'Performance Health Inc.',	'82 Onsgard Plaza',	808614,	'crainbird9@wisc.edu'),
(11,	'Bryant Ranch Prepack',	'3 Schurz Hill',	705784,	'bmaphama@yellowpages.com'),
(12,	'REMEDYREPACK INC.',	'0907 Jay Crossing',	256324,	'lbezantb@yellowbook.com'),
(13,	'U.S. Oxygen and Supply, LLC',	'850 Judy Junction',	301078,	'bchippingc@wufoo.com'),
(14,	'Kroger Company',	'0 Nevada Parkway',	592256,	'dcrockerd@illinois.edu'),
(15,	'Neel Products LLC',	'32 Maryland Drive',	637371,	'isidworthe@hp.com'),
(16,	'H2O Plus',	'4759 Talisman Hill',	685102,	'rthrippf@gmpg.org'),
(17,	'Watson Laboratories, Inc.',	'7409 Green Ridge Lane',	235759,	'scristoforog@columbia.edu'),
(18,	'Dolgencorp, LLC',	'14 Sycamore Lane',	572809,	'kdionisettoh@plala.or.jp'),
(19,	'Niche Brands, Inc.',	'92 Arizona Center',	536925,	'bbillingslyi@mlb.com'),
(20,	'Neutrogena Corporation',	'1668 Farragut Street',	989023,	'aferencj@nydailynews.com'),
(21,	'SHISEIDO AMERICA INC.',	'78 Kropf Hill',	142661,	'rbeamank@bbb.org'),
(22,	'Allergy Laboratories, Inc.',	'20896 Fallview Circle',	577119,	'pteissierl@spotify.com'),
(23,	'Uriel Pharmacy Inc',	'94 Kingsford Circle',	715155,	'aromkem@tmall.com'),
(24,	'Jiangsu Province JianErKang Medical Dressing Co. ,Ltd.',	'7 Norway Maple Crossing',	277123,	'afearnsn@google.cn'),
(25,	'RedPharm Drug Inc.',	'426 Dottie Plaza',	416259,	'awooliso@networkadvertising.org'),
(26,	'Unifirst First Aid Corporation',	'9413 Luster Plaza',	740049,	'flucasp@1688.com'),
(27,	'BioActive Nutritional, Inc.',	'643 Kings Place',	413990,	'dparkeq@jugem.jp'),
(28,	'SUPERVALU INC.',	'60504 Pepper Wood Place',	725646,	'tkleanthousr@umich.edu'),
(29,	'Mylan Institutional LLC',	'7 La Follette Park',	254103,	'tnoadess@godaddy.com'),
(30,	'Cardinal Health',	'0 Claremont Way',	343595,	'cchilcottt@tripod.com'),
(31,	'Pack Pharmaceuticals LLC',	'74486 Moulton Junction',	111494,	'gspottiswoodeu@altervista.org'),
(32,	'REMEDYREPACK INC.',	'9379 Green Ridge Court',	902465,	'sslavinv@jiathis.com'),
(33,	'Roerig',	'230 Huxley Road',	125805,	'mhearfieldw@patch.com'),
(34,	'King Bio Inc.',	'48395 Shopko Center',	392870,	'dtwydellx@cnn.com'),
(35,	'BioActive Nutritional, Inc.',	'1574 Pond Place',	422334,	'sseamansy@phpbb.com'),
(36,	'REMEDYREPACK INC.',	'70 Dorton Center',	513187,	'rdesremediosz@drupal.org'),
(37,	'Cardinal Health',	'8 Golden Leaf Street',	975275,	'mstanion10@answers.com'),
(38,	'ARAMIS INC.',	'03575 Ridgeview Hill',	167547,	'smaymand11@behance.net'),
(39,	'Concept Laboratories, Inc.',	'2728 New Castle Center',	714867,	'atitford12@patch.com'),
(40,	'SHISEIDO CO., LTD.',	'5 Mesta Circle',	922743,	'ckeighley13@baidu.com'),
(41,	'Cardinal Health',	'7 Mifflin Lane',	520135,	'ntongue14@paypal.com'),
(42,	'Nature\'s Innovation, Inc.',	'652 Ryan Hill',	121197,	'edendle15@jalbum.net'),
(43,	'Qualitest Pharmaceuticals',	'8 Rieder Trail',	317723,	'laustwick16@histats.com'),
(44,	'Homeostasis Laboratories, Inc.',	'903 Meadow Ridge Point',	605802,	'tgaynor17@bbb.org'),
(45,	'Baxter Healthcare Corporation',	'43109 Lunder Drive',	805868,	'wdigiorgio18@nationalgeographic.com'),
(46,	'DSHealthcare',	'18 Nelson Drive',	711459,	'trands19@dailymotion.com'),
(47,	'ALK-Abello, Inc.',	'67763 Killdeer Road',	611178,	'jfomichyov1a@yellowbook.com'),
(48,	'MSD Consumer Care, Inc.',	'17 Mccormick Drive',	811742,	'bchell1b@vinaora.com'),
(49,	'mybody',	'27 Raven Center',	319523,	'cdominec1c@youtu.be'),
(50,	'Good Neighbor Pharmacy',	'776 Annamark Alley',	521803,	'gbayliss1d@home.pl');

DROP TABLE IF EXISTS `Faktura`;
CREATE TABLE `Faktura` (
  `BrFakture` int(10) NOT NULL AUTO_INCREMENT,
  `SifraFakture` int(10) DEFAULT NULL,
  `Napomena` varchar(255) DEFAULT NULL,
  `TekuciRn` int(10) DEFAULT NULL,
  `Slovima` varchar(255) DEFAULT NULL,
  `MatBr` int(10) DEFAULT NULL,
  `SifraDelatnosti` int(10) DEFAULT NULL,
  `PIB` int(10) DEFAULT NULL,
  `Vozilo` varchar(255) DEFAULT NULL,
  `DatumIzd` varchar(255) DEFAULT NULL,
  `Komercijalista` varchar(255) DEFAULT NULL,
  `PozivNaBr` int(10) DEFAULT NULL,
  `MestoIzd` varchar(255) DEFAULT NULL,
  `ValutaPlacanja` varchar(255) DEFAULT NULL,
  `DatumPrometa` varchar(255) DEFAULT NULL,
  `OtpremnicaBrOtpremnice` int(10) NOT NULL,
  `RadnikSifraRadnika` int(10) NOT NULL,
  `DobavljacSifraDobavljaca` int(10) NOT NULL,
  PRIMARY KEY (`BrFakture`),
  KEY `FKFaktura127683` (`OtpremnicaBrOtpremnice`),
  KEY `FKFaktura141939` (`RadnikSifraRadnika`),
  KEY `FKFaktura265092` (`DobavljacSifraDobavljaca`),
  CONSTRAINT `FKFaktura127683` FOREIGN KEY (`OtpremnicaBrOtpremnice`) REFERENCES `Otpremnica` (`BrOtpremnice`),
  CONSTRAINT `FKFaktura141939` FOREIGN KEY (`RadnikSifraRadnika`) REFERENCES `Radnik` (`SifraRadnika`),
  CONSTRAINT `FKFaktura265092` FOREIGN KEY (`DobavljacSifraDobavljaca`) REFERENCES `Dobavljac` (`SifraDobavljaca`)
) ENGINE=InnoDB DEFAULT CHARSET=latin1;

INSERT INTO `Faktura` (`BrFakture`, `SifraFakture`, `Napomena`, `TekuciRn`, `Slovima`, `MatBr`, `SifraDelatnosti`, `PIB`, `Vozilo`, `DatumIzd`, `Komercijalista`, `PozivNaBr`, `MestoIzd`, `ValutaPlacanja`, `DatumPrometa`, `OtpremnicaBrOtpremnice`, `RadnikSifraRadnika`, `DobavljacSifraDobavljaca`) VALUES
(2,	6990,	'foreground',	9662182,	'ipsum',	4068579,	7586,	504528,	'diam',	'2017-07-15',	'Reina Wiszniewski',	323675,	'Batken',	'KGS',	'2017-09-01',	5,	7,	8),
(3,	3477,	'customer loyalty',	5427635,	'ultrices',	5269965,	3477,	666484,	'suspendisse',	'2017-11-10',	'Janeen MacClinton',	147265,	'Gunan',	'CNY',	'2017-11-15',	1,	5,	5),
(4,	3990,	'optimal',	1906880,	'consectetuer adipiscing',	2619906,	6914,	760904,	'congue',	'2017-02-25',	'Herta Tremellan',	835969,	'Bagnolet',	'EUR',	'2017-12-06',	10,	6,	10),
(5,	1468,	'Virtual',	5881596,	'quam',	5154269,	6881,	432946,	'ornare',	'2017-07-29',	'Peyton Isgate',	552183,	'Mabini',	'PHP',	'2017-05-29',	9,	3,	3),
(6,	1091,	'moratorium',	9543298,	'ut mauris',	2801210,	5192,	486195,	'pellentesque',	'2017-02-19',	'Sinclair Tallowin',	296553,	'Georgiyevskaya',	'RUB',	'2017-12-19',	8,	10,	1),
(8,	5500,	'uniform',	9755991,	'varius',	2963332,	2158,	597470,	'vestibulum',	'2017-07-09',	'Alane Dumbrill',	299172,	'Göteborg',	'SEK',	'2017-02-18',	8,	3,	3),
(9,	4659,	'Triple-buffered',	4036909,	'massa tempor',	6258386,	7482,	255609,	'vel',	'2017-05-30',	'Cairistiona Burrill',	474479,	'Chambéry',	'EUR',	'2017-12-04',	8,	9,	2),
(10,	6058,	'Graphic Interface',	3813448,	'dictumst',	6167110,	5121,	181082,	'lacus',	'2017-09-23',	'Devora Drew',	879084,	'Nantes',	'EUR',	'2017-06-26',	10,	1,	6),
(11,	2357,	'portal',	5194294,	'libero nullam',	5924472,	7152,	139389,	'justo',	'2017-05-28',	'Bat Paolotto',	426959,	'Gainesville',	'USD',	'2017-06-29',	8,	9,	2),
(13,	3305,	'Face to face',	3033181,	'ultrices phasellus',	9019580,	8294,	207975,	'ut',	'2017-09-17',	'Celie Castilla',	497551,	'San Marcos',	'USD',	'2017-08-31',	2,	3,	8),
(14,	4885,	'web-enabled',	8422663,	'luctus',	3964247,	2886,	229638,	'ipsum',	'2017-07-11',	'Marie-jeanne Petrovsky',	883960,	'Olavarría',	'ARS',	'2017-12-11',	5,	6,	3),
(15,	1080,	'initiative',	1634777,	'sollicitudin mi',	5415320,	7073,	385299,	'consequat',	'2017-05-01',	'Linoel Chalfant',	914139,	'Ipoti',	'NGN',	'2017-03-03',	10,	2,	3),
(16,	3350,	'challenge',	2053394,	'id turpis',	4966575,	1769,	275823,	'vel',	'2017-05-15',	'Cliff Vernall',	689357,	'Non Sung',	'THB',	'2017-07-26',	3,	9,	9),
(19,	5642,	'leading edge',	9781506,	'curabitur in',	3968473,	3240,	738977,	'morbi',	'2018-02-07',	'Dori Dillaway',	115201,	'Biñan',	'PHP',	'2017-09-15',	1,	1,	7),
(21,	5633,	'attitude-oriented',	1289881,	'tellus in',	2977508,	5016,	723347,	'ac',	'2017-10-18',	'Ericka Mowsdell',	950084,	'Chibombo',	'ZMW',	'2017-09-11',	3,	7,	7),
(23,	2508,	'24 hour',	2049943,	'vestibulum',	4356779,	4173,	799086,	'nulla',	'2017-05-04',	'Harrison Windus',	228289,	'Yinglan',	'CNY',	'2017-07-20',	10,	5,	6),
(24,	7507,	'Assimilated',	6458468,	'in',	1237976,	2404,	917034,	'in',	'2017-11-04',	'Arlen Forson',	248677,	'Tarkwa',	'GHS',	'2017-02-19',	9,	10,	8),
(25,	3724,	'holistic',	2518596,	'vulputate',	4445918,	1331,	764537,	'mi',	'2017-04-27',	'Ellerey Dreghorn',	560181,	'Lanzhong',	'CNY',	'2017-05-29',	8,	4,	4),
(26,	8442,	'Re-contextualized',	6232328,	'sem',	7601921,	7888,	270060,	'habitasse',	'2017-05-20',	'Rheta Margetts',	527794,	'Shanjiang',	'CNY',	'2017-06-08',	4,	4,	3),
(27,	4019,	'context-sensitive',	5523253,	'nec',	7352564,	7788,	538600,	'pellentesque',	'2017-04-04',	'Othilie Joe',	789675,	'Oygon',	'MNT',	'2017-04-29',	9,	6,	2),
(28,	8768,	'Organic',	5144542,	'aliquam',	7967843,	5377,	163809,	'in',	'2018-01-12',	'Mitchael Holmyard',	689739,	'Bataiporã',	'BRL',	'2017-07-04',	9,	6,	1),
(29,	6236,	'3rd generation',	7219351,	'tempus',	5852380,	8776,	332651,	'ac',	'2017-07-09',	'Mellie MacCoughen',	431921,	'Mrozy',	'PLN',	'2017-08-01',	3,	10,	8),
(30,	3975,	'static',	2156138,	'cursus',	2601278,	9286,	350549,	'tincidunt',	'2017-09-26',	'Myrilla Nealon',	752483,	'Camiling',	'PHP',	'2017-09-04',	1,	7,	10),
(31,	8044,	'3rd generation',	1551725,	'in',	9946947,	9427,	629663,	'vitae',	'2017-02-22',	'Nickolai Bolding',	442301,	'Pointe Michel',	'XCD',	'2017-03-28',	4,	1,	3),
(32,	4414,	'analyzing',	4558880,	'quis',	1889207,	5232,	824279,	'sapien',	'2017-04-22',	'Galven Halson',	682980,	'Sanxi',	'CNY',	'2017-07-30',	10,	7,	4),
(33,	3015,	'Operative',	6616776,	'pellentesque ultrices',	6185665,	7314,	940101,	'integer',	'2017-07-02',	'Shaylyn Waite',	822269,	'Huolu',	'CNY',	'2017-12-22',	9,	6,	3),
(34,	4623,	'local',	1476515,	'duis at',	1682328,	8634,	991610,	'nec',	'2017-09-17',	'Patten Kleinert',	578066,	'Sukorejo',	'IDR',	'2017-03-12',	1,	7,	10),
(35,	9437,	'open architecture',	5322911,	'vulputate',	6061237,	6468,	934040,	'pellentesque',	'2017-07-04',	'Brinna Arsnell',	456138,	'Kontagora',	'NGN',	'2017-08-30',	8,	8,	9),
(37,	4090,	'Digitized',	6477815,	'massa',	3464729,	6625,	151929,	'amet',	'2017-08-26',	'Washington Wooddisse',	727231,	'Consolación del Sur',	'CUP',	'2017-11-04',	2,	9,	7),
(38,	6900,	'Customer-focused',	4523198,	'lacinia nisi',	9867206,	2649,	264624,	'eleifend',	'2017-07-26',	'Keenan Tipton',	398348,	'Cipadung Timur',	'IDR',	'2017-12-09',	5,	1,	6),
(39,	5085,	'multi-tasking',	5797711,	'ultrices phasellus',	6308385,	9395,	822613,	'mauris',	'2018-01-01',	'Hal Dohrmann',	248124,	'Mariscala',	'UYU',	'2018-01-30',	8,	10,	6),
(40,	4224,	'algorithm',	6240442,	'in congue',	6592783,	8052,	297833,	'amet',	'2018-01-22',	'Bartie Dyerson',	981262,	'Wawer',	'PLN',	'2017-06-09',	1,	5,	5),
(41,	9623,	'Exclusive',	8950039,	'dapibus',	1112186,	7269,	948254,	'nulla',	'2017-12-11',	'Harley Joao',	326363,	'Mukun',	'IDR',	'2017-02-28',	1,	5,	4),
(42,	1181,	'contextually-based',	5132073,	'felis eu',	4694853,	8786,	297823,	'donec',	'2017-09-02',	'Sindee Epelett',	314172,	'Batas Barat',	'IDR',	'2017-03-01',	9,	3,	7),
(43,	2280,	'Pre-emptive',	8267859,	'integer',	1525065,	3664,	883844,	'ornare',	'2017-02-24',	'Gisela Dutch',	266885,	'Shijia',	'CNY',	'2017-07-12',	3,	9,	4),
(45,	6201,	'maximized',	2616624,	'consequat',	5297619,	3463,	335679,	'cubilia',	'2017-04-15',	'Olympia O\'Hannen',	191620,	'Bedayutalang',	'IDR',	'2018-01-06',	4,	5,	6),
(46,	5841,	'even-keeled',	3311843,	'nulla tempus',	1015582,	7666,	868997,	'volutpat',	'2017-04-29',	'Cathrin Jancik',	797726,	'Banjar Dauhpura',	'IDR',	'2017-12-26',	9,	10,	8),
(47,	1762,	'parallelism',	6508653,	'augue',	7677853,	7595,	234182,	'hac',	'2018-01-12',	'Agnella Purkiss',	902454,	'Bordeaux',	'EUR',	'2017-05-07',	2,	2,	8),
(48,	5640,	'upward-trending',	7783385,	'erat nulla',	1416089,	1649,	631792,	'integer',	'2017-06-11',	'Alia Wadwell',	598093,	'Den Haag',	'EUR',	'2017-12-31',	8,	4,	5),
(49,	5675,	'hybrid',	3475289,	'quis',	3175885,	7437,	233107,	'eget',	'2017-07-23',	'Eunice Bernon',	911313,	'Caspisapa',	'PEN',	'2017-06-26',	9,	5,	10),
(50,	1928,	'middleware',	5071986,	'morbi',	8541775,	8063,	651945,	'pede',	'2017-07-05',	'Andee Flag',	726377,	'Santa Rita',	'BOB',	'2017-11-02',	8,	10,	10),
(52,	5139,	'Exclusive',	1703004,	'vestibulum',	6686396,	4729,	667980,	'lorem',	'2018-01-18',	'Cos Tanguy',	954810,	'Damiku',	'CNY',	'2017-07-02',	5,	1,	8),
(53,	2907,	'system-worthy',	4753890,	'integer',	1153357,	1490,	319945,	'suspendisse',	'2017-12-30',	'Alden Medforth',	571322,	'Pali',	'IDR',	'2017-06-21',	1,	8,	6),
(55,	6163,	'time-frame',	5581456,	'primis in',	4169899,	1314,	784558,	'etiam',	'2017-09-10',	'Benita Gerred',	613146,	'Paraíso',	'BRL',	'2017-03-03',	2,	8,	5),
(56,	8908,	'4th generation',	2096672,	'purus aliquet',	4542089,	3717,	975657,	'proin',	'2017-10-06',	'Hadlee Schriren',	543029,	'Pameungpeuk',	'IDR',	'2018-01-24',	4,	4,	6),
(57,	3535,	'application',	8702989,	'sapien',	2105230,	3386,	923379,	'primis',	'2017-02-21',	'Eydie Cutriss',	695906,	'Przytyk',	'PLN',	'2018-01-28',	10,	8,	1),
(58,	2720,	'executive',	1680459,	'et',	4180001,	7362,	548075,	'penatibus',	'2017-06-08',	'Blinny Render',	146940,	'Hammarö',	'SEK',	'2017-12-18',	5,	3,	5),
(60,	7024,	'Enhanced',	8878650,	'tellus',	2916212,	5109,	702732,	'aliquam',	'2017-06-30',	'Cob Pettitt',	473061,	'Canis',	'PEN',	'2017-04-26',	2,	1,	9),
(61,	7794,	'Persevering',	8485574,	'libero',	9575839,	2302,	606104,	'proin',	'2017-12-16',	'Terri McKevitt',	278819,	'Nakhchivan',	'AZN',	'2017-10-24',	1,	1,	5),
(62,	3811,	'ability',	7799818,	'semper porta',	2337491,	2993,	994671,	'pede',	'2017-03-26',	'Peyton Fulop',	426671,	'Malaga',	'EUR',	'2017-02-24',	8,	6,	5),
(64,	7998,	'Distributed',	1621889,	'semper porta',	3782983,	6259,	412283,	'pretium',	'2017-07-16',	'Rees Copner',	978156,	'Satu Nou',	'RON',	'2017-04-10',	4,	6,	5),
(65,	7322,	'adapter',	8381046,	'amet consectetuer',	4021118,	7727,	509572,	'ut',	'2017-04-10',	'Rees Evanson',	670630,	'Guoyuan',	'CNY',	'2017-06-28',	5,	9,	6),
(67,	2262,	'contingency',	6755129,	'at turpis',	5642769,	4239,	731743,	'massa',	'2017-10-15',	'Breanne Ellse',	704413,	'Freetown',	'SLL',	'2017-10-12',	3,	4,	1),
(68,	7847,	'Synchronised',	8518404,	'nam',	5702702,	1516,	888340,	'amet',	'2017-08-31',	'Farris Beadon',	336576,	'Jincheng',	'CNY',	'2017-05-04',	10,	4,	1),
(70,	9277,	'Devolved',	5563820,	'tristique tortor',	3650870,	2004,	693822,	'molestie',	'2017-03-10',	'Erek Blindt',	860682,	'Makueni',	'KES',	'2017-07-26',	2,	1,	6),
(71,	1605,	'Advanced',	2084870,	'ligula in',	3072700,	2048,	435131,	'volutpat',	'2017-06-15',	'Janifer Arnauduc',	498418,	'Taiping',	'CNY',	'2017-10-21',	9,	3,	9),
(73,	3070,	'systematic',	2295342,	'enim blandit',	7183549,	8708,	632754,	'fusce',	'2017-09-12',	'Lester Rimour',	907162,	'Memphis',	'USD',	'2017-05-05',	4,	8,	7),
(74,	1707,	'Optimized',	1608297,	'dui',	1995757,	3109,	458555,	'tellus',	'2017-11-03',	'Pascal Harry',	895996,	'Portariá',	'EUR',	'2018-01-05',	3,	7,	7),
(75,	8306,	'scalable',	8768905,	'non ligula',	5306075,	3219,	666108,	'proin',	'2018-01-14',	'Leela Hailwood',	836871,	'Dajin',	'CNY',	'2017-03-24',	2,	7,	1),
(76,	2156,	'regional',	3624311,	'in',	8670488,	7473,	901960,	'dui',	'2017-06-02',	'Cori Craw',	667248,	'Mólos',	'EUR',	'2017-11-23',	9,	10,	1),
(77,	7100,	'Integrated',	6510464,	'nam ultrices',	2895304,	2577,	602862,	'amet',	'2017-06-11',	'Putnam Lorkings',	233156,	'Getengan',	'IDR',	'2017-07-02',	2,	4,	4),
(78,	6592,	'demand-driven',	7290786,	'sed',	8511970,	6599,	747013,	'erat',	'2018-01-30',	'Margalit Rake',	987795,	'Góra Kalwaria',	'PLN',	'2017-02-16',	2,	3,	3),
(79,	2433,	'flexibility',	7634924,	'id',	1770631,	8222,	601703,	'parturient',	'2017-03-28',	'Erik Carnie',	534765,	'Panguipulli',	'CLP',	'2018-01-17',	9,	3,	8),
(80,	9535,	'Right-sized',	7867362,	'erat fermentum',	5665305,	2363,	236715,	'ipsum',	'2017-10-11',	'Alexei Reely',	336295,	'Al Jubayhah',	'JOD',	'2017-05-02',	5,	10,	9),
(81,	6751,	'software',	9782529,	'posuere',	3155650,	4125,	205631,	'dignissim',	'2018-01-17',	'Dinah Tunnicliff',	430643,	'Yuxin',	'CNY',	'2017-03-09',	5,	10,	9),
(82,	7174,	'forecast',	5149635,	'faucibus orci',	3376285,	6500,	381113,	'vulputate',	'2017-12-22',	'Lazaro McSporon',	682924,	'Karangpaningal',	'IDR',	'2017-12-09',	2,	10,	4),
(83,	5250,	'interface',	8056918,	'potenti nullam',	2965128,	8214,	225145,	'eu',	'2017-08-21',	'Barbara-anne De Filippi',	659951,	'Brumadinho',	'BRL',	'2017-03-24',	5,	6,	7),
(86,	7404,	'coherent',	1405901,	'gravida sem',	1564019,	6035,	235789,	'massa',	'2017-12-11',	'Dieter Storkes',	498322,	'Volkhovskiy',	'RUB',	'2018-01-04',	5,	6,	1),
(87,	4612,	'Compatible',	6978668,	'tristique fusce',	2135330,	8972,	474828,	'suspendisse',	'2017-10-12',	'Lauraine Marques',	409829,	'Buchanan',	'LRD',	'2017-09-21',	2,	2,	7),
(88,	4769,	'intangible',	1019594,	'mi nulla',	9205566,	7185,	246862,	'sociis',	'2017-10-07',	'Seline Parsand',	996853,	'Nastola',	'EUR',	'2017-04-11',	1,	2,	9),
(89,	4402,	'superstructure',	1284208,	'mauris',	5351432,	1789,	350187,	'varius',	'2017-03-19',	'Ysabel Conew',	896888,	'Chiriguaná',	'COP',	'2017-11-28',	4,	1,	7),
(90,	1633,	'Team-oriented',	1305096,	'vestibulum sagittis',	1513417,	2641,	124352,	'enim',	'2017-04-29',	'Udall Walewicz',	487988,	'Novaya Usman’',	'RUB',	'2017-05-07',	1,	8,	8),
(91,	4231,	'Balanced',	9468763,	'ut',	8790862,	1889,	989942,	'lacus',	'2017-08-24',	'Northrup Lockhart',	683292,	'Ilangay',	'PHP',	'2018-02-06',	5,	8,	3),
(92,	9207,	'conglomeration',	9509600,	'felis',	9822395,	7402,	655963,	'quisque',	'2017-12-03',	'Emory Satterfitt',	850422,	'Staryy Krym',	'UAH',	'2017-05-29',	5,	9,	9),
(93,	5687,	'utilisation',	1044168,	'vel augue',	6478341,	7942,	207167,	'morbi',	'2017-12-23',	'Robb Husbands',	577837,	'Boden',	'SEK',	'2017-10-19',	8,	7,	6),
(94,	1912,	'internet solution',	6477192,	'turpis',	5830474,	8119,	725366,	'in',	'2017-12-06',	'Jillene Coulman',	460711,	'Beckerich',	'EUR',	'2017-05-27',	10,	10,	3),
(95,	4799,	'24 hour',	4621536,	'justo',	6098394,	8975,	430070,	'justo',	'2017-10-23',	'Avie Brilon',	908547,	'Talakag',	'PHP',	'2017-07-05',	1,	9,	10),
(98,	6016,	'archive',	7451144,	'quam nec',	7176431,	5248,	154082,	'ut',	'2017-05-06',	'Gail Farndell',	861005,	'Daphu',	'BTN',	'2018-01-25',	9,	5,	10),
(99,	5502,	'analyzer',	5357232,	'blandit nam',	1288429,	7218,	174177,	'metus',	'2018-01-25',	'Felike Humbey',	905492,	'Lalauigan',	'PHP',	'2017-03-02',	3,	10,	6);

DROP TABLE IF EXISTS `Komitent`;
CREATE TABLE `Komitent` (
  `SifraKomitenta` int(10) NOT NULL AUTO_INCREMENT,
  `Ime` varchar(255) DEFAULT NULL,
  `Adresa` varchar(255) DEFAULT NULL,
  `PIB` int(10) DEFAULT NULL,
  PRIMARY KEY (`SifraKomitenta`)
) ENGINE=InnoDB DEFAULT CHARSET=latin1;

INSERT INTO `Komitent` (`SifraKomitenta`, `Ime`, `Adresa`, `PIB`) VALUES
(1,	'Serene Farloe',	'7656 Shoshone Way',	303718),
(2,	'Rod Marien',	'51 Onsgard Point',	656246),
(3,	'Melesa Nanninini',	'8 Fairfield Hill',	433850),
(4,	'Paco Trevaskis',	'3 Dryden Alley',	893662),
(5,	'Emogene Van Schafflaer',	'15 Melvin Drive',	459893),
(6,	'Brian Gawthrop',	'69685 Aberg Lane',	633176),
(7,	'Genovera Crownshaw',	'3 Forest Dale Street',	309357),
(8,	'Dewitt McPhail',	'02 Hooker Drive',	365997),
(9,	'Lucie Strotton',	'2786 Maywood Place',	650647),
(10,	'Augustine Igo',	'96 Browning Center',	342051),
(11,	'Loreen Nettleship',	'5960 Graedel Park',	287529),
(12,	'Germana Duncan',	'26004 Gateway Drive',	113967),
(13,	'Wake Greathead',	'70186 Westerfield Place',	904168),
(14,	'Ambrosio Kurth',	'80 Hoepker Point',	298725),
(15,	'Jacquelin Southon',	'9408 Division Junction',	887987),
(16,	'Brody Colbourne',	'15534 Bluestem Place',	851070),
(17,	'Ron Doley',	'20103 Oneill Terrace',	144869),
(18,	'Sterne Dunphie',	'47 Clarendon Terrace',	478881),
(19,	'Kipp Morlon',	'53 Bellgrove Alley',	142464),
(20,	'Alejoa Tavernor',	'0 Killdeer Pass',	839460),
(21,	'Donelle Lammers',	'1230 Northfield Road',	826446),
(22,	'Ode Bellchamber',	'92270 Linden Court',	184870),
(23,	'Alys Duprey',	'84617 Hollow Ridge Street',	722058),
(24,	'Petra Ducker',	'18087 Corben Court',	796162),
(25,	'Dione Oppie',	'820 Sunnyside Circle',	727435),
(26,	'Alisun Parrett',	'4 Linden Trail',	991477),
(27,	'Shina Shinfield',	'7100 Steensland Way',	458226),
(28,	'Sawyer Fugere',	'5825 Calypso Street',	277784),
(29,	'Calypso Harvatt',	'3354 Prentice Drive',	268624),
(30,	'Alejandrina Mussalli',	'9 Sunbrook Way',	918806),
(31,	'Minne Denkin',	'30 Schiller Way',	583825),
(32,	'Danila Leil',	'071 Linden Drive',	686105),
(33,	'Wilburt Firsby',	'980 Sachtjen Circle',	920337),
(34,	'Padriac Tutchings',	'08 Sutteridge Point',	432849),
(35,	'Conny Follows',	'7268 Carey Parkway',	128980),
(36,	'Cris Rodgers',	'7332 Sloan Avenue',	580889),
(37,	'Marleen Shelliday',	'655 Graceland Drive',	328013),
(38,	'Turner Arsmith',	'6 Redwing Hill',	535135),
(39,	'Linn Brilon',	'31028 Mallard Street',	628293),
(40,	'Redford Lintott',	'3965 Fuller Trail',	887958),
(41,	'Gaelan Bocock',	'46079 Del Mar Court',	469016),
(42,	'Farra Bourdel',	'78 Fordem Plaza',	794515),
(43,	'Lyn Chapelhow',	'3 Leroy Place',	134925),
(44,	'Coletta Bax',	'668 Bartelt Parkway',	178805),
(45,	'Shurlocke Foxten',	'7 Lake View Lane',	652471),
(46,	'Rowland Skett',	'737 Onsgard Center',	984615),
(47,	'Huberto Quennell',	'8223 Meadow Ridge Circle',	287398),
(48,	'Jackelyn Spenley',	'958 Oneill Trail',	815846),
(49,	'Jaquenette Adenet',	'09511 Grim Point',	911635),
(50,	'Valera Yven',	'20064 Esker Hill',	588257);

DROP TABLE IF EXISTS `Kupac`;
CREATE TABLE `Kupac` (
  `SifraKupca` int(10) NOT NULL AUTO_INCREMENT,
  `Ime` varchar(255) DEFAULT NULL,
  `Adresa` varchar(255) DEFAULT NULL,
  `PIB` int(10) DEFAULT NULL,
  `BrTel` int(10) DEFAULT NULL,
  `Email` varchar(255) DEFAULT NULL,
  PRIMARY KEY (`SifraKupca`)
) ENGINE=InnoDB DEFAULT CHARSET=latin1;

INSERT INTO `Kupac` (`SifraKupca`, `Ime`, `Adresa`, `PIB`, `BrTel`, `Email`) VALUES
(1,	'Linkbuzz',	'01101 Mesta Place',	44354483,	19563811,	'ahaggata0@mayoclinic.com'),
(2,	'Eire',	'16 Swallow Hill',	56567582,	64252934,	'ahummerston1@google.cn'),
(3,	'Photospace',	'11170 Hanson Terrace',	13406954,	69296303,	'snarracott2@ucsd.edu'),
(4,	'Bubbletube',	'84815 Northridge Plaza',	85348657,	30967452,	'erichard3@hao123.com'),
(5,	'Edgetag',	'042 American Ash Drive',	80901742,	73680242,	'vtimeby4@ucoz.ru'),
(6,	'Zoonoodle',	'3077 Haas Parkway',	89110436,	30816797,	'egile5@wunderground.com'),
(7,	'Brightbean',	'70737 Moulton Road',	93749333,	66154739,	'rkinforth6@tinyurl.com'),
(8,	'Meejo',	'9762 Sauthoff Court',	51737300,	18492433,	'bdigg7@cpanel.net'),
(9,	'Quimba',	'20098 Eastlawn Place',	31794862,	73700178,	'dguerrazzi8@accuweather.com'),
(10,	'Quatz',	'84 Gulseth Terrace',	99290270,	44820802,	'pcastanyer9@timesonline.co.uk'),
(11,	'Divavu',	'69 Fremont Place',	55577592,	85932678,	'jfieldstonea@archive.org'),
(12,	'Riffwire',	'80465 Waywood Way',	10786211,	35485165,	'ddickonb@digg.com'),
(13,	'Edgeclub',	'4782 Menomonie Avenue',	45268525,	49522296,	'ckealyc@yolasite.com'),
(14,	'Realcube',	'312 Stoughton Drive',	93019575,	77395948,	'dgiovannardid@squarespace.com'),
(15,	'Twinte',	'69836 Emmet Point',	67592767,	72654635,	'crainse@dropbox.com'),
(16,	'Aibox',	'3033 Fuller Junction',	89089753,	67258163,	'tsimakovf@goodreads.com'),
(17,	'Camimbo',	'09644 Hintze Drive',	18425877,	53524951,	'sdanneg@indiatimes.com'),
(18,	'Wikido',	'83 Dryden Place',	62741794,	16694748,	'rbukach@free.fr'),
(19,	'Riffpath',	'38 New Castle Parkway',	73308706,	32845068,	'fpowysi@addthis.com'),
(20,	'Kayveo',	'37248 Grasskamp Point',	85309976,	97971241,	'eeglej@mail.ru'),
(21,	'Riffpedia',	'089 Park Meadow Junction',	24101889,	92076002,	'tmabonk@ftc.gov'),
(22,	'Twiyo',	'60 Tony Center',	39193757,	83186872,	'ilevettl@woothemes.com'),
(23,	'Plajo',	'4 Moulton Circle',	19574292,	75552193,	'rnewism@upenn.edu'),
(24,	'Browsedrive',	'3 Rigney Point',	24594925,	47704017,	'gmulroyn@wisc.edu'),
(25,	'Jazzy',	'217 Arkansas Crossing',	91807043,	34900235,	'nshadbolto@blinklist.com'),
(26,	'Gigashots',	'48472 Sycamore Crossing',	16487365,	96304534,	'mmussolinip@msn.com'),
(27,	'Livepath',	'014 Corben Terrace',	33375091,	31826353,	'airelandq@simplemachines.org'),
(28,	'Teklist',	'174 Raven Court',	81798923,	45099869,	'rpinfoldr@posterous.com'),
(29,	'Twitterworks',	'4 Canary Drive',	34072113,	56683802,	'scowndleys@hatena.ne.jp'),
(30,	'Snaptags',	'44 Garrison Point',	20253782,	38074065,	'hcollint@microsoft.com'),
(31,	'Avavee',	'0466 Northport Drive',	22092797,	65292863,	'lmelatou@google.com.br'),
(32,	'Rhybox',	'16 Sullivan Street',	27209451,	43213928,	'lwybornv@yahoo.co.jp'),
(33,	'Feedspan',	'3 Onsgard Center',	37833904,	23932786,	'jskippingw@nbcnews.com'),
(34,	'Divanoodle',	'29 Bay Avenue',	59045390,	88865755,	'trylancex@time.com'),
(35,	'Linktype',	'70257 Laurel Lane',	27450111,	72924138,	'dcockerilly@diigo.com'),
(36,	'Feedmix',	'3 Jana Way',	89461989,	42924766,	'jginglez@nydailynews.com'),
(37,	'Quimm',	'6590 Veith Way',	74487499,	15675210,	'bparell10@soundcloud.com'),
(38,	'Skynoodle',	'2 Coolidge Terrace',	38209045,	79486160,	'rhunnawill11@globo.com'),
(39,	'Tekfly',	'1 Commercial Way',	90891418,	74729897,	'amatashkin12@army.mil'),
(40,	'Chatterbridge',	'88 Schurz Court',	77800061,	92339168,	'bsidebottom13@typepad.com'),
(41,	'Quinu',	'60 Paget Court',	74911882,	35202853,	'tkenworthey14@ezinearticles.com'),
(42,	'Roombo',	'319 Debs Avenue',	63313365,	70534299,	'gkiff15@123-reg.co.uk'),
(43,	'Tazzy',	'84 Thierer Road',	98790570,	48957463,	'kbrugmann16@woothemes.com'),
(44,	'Agivu',	'86228 Schmedeman Avenue',	70448938,	93534482,	'adripps17@bbb.org'),
(45,	'Eimbee',	'7052 Linden Alley',	80870077,	91505774,	'hduchasteau18@huffingtonpost.com'),
(46,	'Abata',	'2 Pine View Street',	39346838,	21958468,	'ashapcott19@theatlantic.com'),
(47,	'Shuffledrive',	'06 Eliot Parkway',	72368362,	28283298,	'dmurrie1a@mapquest.com'),
(48,	'Dabjam',	'55734 Jackson Center',	93431388,	14779300,	'cmaciejewski1b@mozilla.org'),
(49,	'Topicblab',	'7 Sutteridge Plaza',	35598961,	92614210,	'sdeboy1c@bbc.co.uk'),
(50,	'Janyx',	'770 Anhalt Center',	91442092,	10401644,	'omerrigan1d@tiny.cc');

DROP TABLE IF EXISTS `Narudzbenica`;
CREATE TABLE `Narudzbenica` (
  `BrNarudzbenice` int(10) NOT NULL AUTO_INCREMENT,
  `Datum` varchar(50) DEFAULT NULL,
  PRIMARY KEY (`BrNarudzbenice`)
) ENGINE=InnoDB DEFAULT CHARSET=latin1;

INSERT INTO `Narudzbenica` (`BrNarudzbenice`, `Datum`) VALUES
(1,	'2017-06-01'),
(2,	'2017-07-15'),
(3,	'2017-06-13'),
(4,	'2018-02-04'),
(5,	'2017-02-15'),
(6,	'2017-03-12'),
(7,	'2017-11-01'),
(8,	'2017-07-03'),
(9,	'2017-07-24'),
(10,	'2017-10-16'),
(11,	'2017-08-03'),
(12,	'2017-07-08'),
(13,	'2017-04-22'),
(14,	'2017-04-20'),
(15,	'2017-07-29'),
(16,	'2017-10-07'),
(17,	'2017-03-09'),
(18,	'2017-04-26'),
(19,	'2017-09-14'),
(20,	'2017-11-26'),
(21,	'2018-01-14'),
(22,	'2017-10-16'),
(23,	'2017-08-01'),
(24,	'2017-06-15'),
(25,	'2018-01-31'),
(26,	'2017-10-18'),
(27,	'2017-09-07'),
(28,	'2017-04-12'),
(29,	'2017-11-14'),
(30,	'2017-06-06'),
(31,	'2017-11-18'),
(32,	'2017-11-17'),
(33,	'2017-11-04'),
(34,	'2017-07-26'),
(35,	'2017-09-05'),
(36,	'2017-04-15'),
(37,	'2017-04-14'),
(38,	'2017-04-13'),
(39,	'2017-12-09'),
(40,	'2017-11-07'),
(41,	'2017-04-07'),
(42,	'2017-10-09'),
(43,	'2017-09-21'),
(44,	'2017-12-08'),
(45,	'2017-09-26'),
(46,	'2017-08-27'),
(47,	'2017-11-14'),
(48,	'2017-11-13'),
(49,	'2017-11-28'),
(50,	'2018-02-09');

DROP TABLE IF EXISTS `Otpremnica`;
CREATE TABLE `Otpremnica` (
  `BrOtpremnice` int(10) NOT NULL AUTO_INCREMENT,
  `MestoPrometa` varchar(255) DEFAULT NULL,
  `DatumPrometa` varchar(255) DEFAULT NULL,
  `RokPlacanja` varchar(255) DEFAULT NULL,
  `BrojRn` int(10) DEFAULT NULL,
  `Napomena` varchar(255) DEFAULT NULL,
  `DatumIzd` varchar(255) DEFAULT NULL,
  `MestoIzd` varchar(255) DEFAULT NULL,
  `DobavljacSifraDobavljaca` int(10) NOT NULL,
  `KomitentSifraKomitenta` int(10) NOT NULL,
  `RadnikSifraRadnika` int(10) NOT NULL,
  `NarudzbenicaBrNarudzbenice` int(10) NOT NULL,
  PRIMARY KEY (`BrOtpremnice`),
  KEY `FKOtpremnica832724` (`DobavljacSifraDobavljaca`),
  KEY `FKOtpremnica350241` (`KomitentSifraKomitenta`),
  KEY `FKOtpremnica15713` (`RadnikSifraRadnika`),
  KEY `FKOtpremnica646979` (`NarudzbenicaBrNarudzbenice`),
  CONSTRAINT `FKOtpremnica15713` FOREIGN KEY (`RadnikSifraRadnika`) REFERENCES `Radnik` (`SifraRadnika`),
  CONSTRAINT `FKOtpremnica350241` FOREIGN KEY (`KomitentSifraKomitenta`) REFERENCES `Komitent` (`SifraKomitenta`),
  CONSTRAINT `FKOtpremnica646979` FOREIGN KEY (`NarudzbenicaBrNarudzbenice`) REFERENCES `Narudzbenica` (`BrNarudzbenice`),
  CONSTRAINT `FKOtpremnica832724` FOREIGN KEY (`DobavljacSifraDobavljaca`) REFERENCES `Dobavljac` (`SifraDobavljaca`)
) ENGINE=InnoDB DEFAULT CHARSET=latin1;

INSERT INTO `Otpremnica` (`BrOtpremnice`, `MestoPrometa`, `DatumPrometa`, `RokPlacanja`, `BrojRn`, `Napomena`, `DatumIzd`, `MestoIzd`, `DobavljacSifraDobavljaca`, `KomitentSifraKomitenta`, `RadnikSifraRadnika`, `NarudzbenicaBrNarudzbenice`) VALUES
(1,	'Marmashen',	'2018-01-03',	'2017-08-31',	377186,	'ut erat curabitur',	'2017-05-25',	'Parang',	6,	5,	8,	5),
(2,	'Sukarama',	'2017-09-14',	'2017-08-13',	156215,	'augue vel accumsan tellus',	'2017-11-02',	'Chengguan',	6,	3,	6,	3),
(3,	'Dobropillya',	'2017-10-03',	'2018-02-04',	959106,	'mauris vulputate elementum',	'2017-07-12',	'Hisai',	5,	8,	8,	2),
(4,	'La Calera',	'2017-05-18',	'2017-11-30',	511561,	'sapien placerat ante nulla justo',	'2017-10-13',	'Itaguaçu',	7,	8,	1,	2),
(5,	'Phichit',	'2017-09-17',	'2017-05-18',	814296,	'cubilia curae nulla',	'2017-03-28',	'Trompsburg',	3,	6,	6,	6),
(8,	'Ansermanuevo',	'2017-08-13',	'2017-09-23',	646237,	'vestibulum ante ipsum',	'2017-03-18',	'Baquero Norte',	10,	3,	4,	5),
(9,	'Horka nad Moravou',	'2017-03-06',	'2017-06-28',	299186,	'a ipsum integer a nibh',	'2017-06-08',	'Candon',	7,	9,	1,	6),
(10,	'Tögrög',	'2017-02-22',	'2017-07-18',	704588,	'urna ut tellus',	'2017-09-10',	'Chuqui Chuqui',	7,	7,	2,	1),
(11,	'Dagang',	'2017-08-10',	'2017-12-25',	870248,	'eget semper rutrum',	'2017-04-12',	'Peace River',	10,	10,	2,	10),
(12,	'Lüxiang',	'2017-05-04',	'2017-02-18',	269313,	'eu tincidunt in leo maecenas',	'2017-05-11',	'Tongouson',	1,	3,	3,	10),
(13,	'Tanjung Palas',	'2017-12-20',	'2017-12-01',	157483,	'quam sapien varius ut blandit',	'2017-06-24',	'Fornelos',	5,	8,	2,	7),
(14,	'Tawangsari',	'2017-06-23',	'2017-06-28',	891665,	'integer a nibh',	'2017-12-08',	'Murmashi',	4,	9,	7,	1),
(15,	'Salam',	'2017-12-01',	'2017-08-08',	929491,	'libero convallis eget eleifend luctus',	'2017-11-01',	'Zwolle',	5,	8,	9,	5),
(16,	'Agbannawag',	'2017-04-30',	'2017-03-08',	208176,	'sit amet cursus id',	'2017-04-15',	'Semanding Barat',	6,	10,	7,	6),
(17,	'Menggusi',	'2017-08-04',	'2017-07-01',	228825,	'amet cursus id turpis',	'2017-04-03',	'Kasingan',	10,	5,	1,	7),
(18,	'Puteaux',	'2018-01-28',	'2018-02-09',	790401,	'orci luctus et',	'2017-03-02',	'Nong Kung Si',	2,	3,	5,	1),
(19,	'Medicine Hat',	'2017-11-26',	'2017-11-06',	197205,	'congue diam id ornare',	'2017-09-21',	'Annecy-le-Vieux',	3,	8,	7,	8),
(20,	'Newbiggin',	'2017-03-26',	'2017-12-22',	338355,	'congue eget semper rutrum nulla',	'2017-11-06',	'Prroshyan',	4,	9,	10,	2),
(21,	'Dankama',	'2017-06-05',	'2018-01-21',	508145,	'ipsum dolor sit amet',	'2017-09-27',	'Palmas',	8,	9,	3,	6),
(22,	'Linxia Chengguanzhen',	'2017-05-29',	'2017-04-30',	632890,	'est lacinia nisi venenatis',	'2017-10-14',	'Bunisari',	6,	6,	7,	2),
(23,	'Zhongcun',	'2017-04-26',	'2017-10-06',	769591,	'nec euismod scelerisque quam',	'2017-07-13',	'Xiguantun Muguzu Manzuxiang',	2,	1,	1,	4),
(24,	'Tuqiao',	'2017-09-20',	'2017-11-24',	323258,	'orci luctus et',	'2017-06-18',	'Tupesy',	7,	2,	1,	6),
(26,	'Rochester',	'2017-11-14',	'2017-06-09',	526029,	'purus aliquet at feugiat non',	'2017-09-09',	'Chengjiao',	3,	3,	9,	3),
(27,	'Longtanhe',	'2017-03-28',	'2017-10-10',	439526,	'ut mauris eget massa',	'2017-11-24',	'San Miguel de Cauri',	1,	2,	4,	7),
(28,	'Khuan Don',	'2017-08-15',	'2017-04-24',	649190,	'aliquet maecenas leo odio condimentum',	'2017-06-02',	'Sunzhen',	9,	4,	2,	9),
(29,	'Lushuihe',	'2017-08-22',	'2017-08-19',	373789,	'eu mi nulla ac',	'2017-11-07',	'Tucaní',	6,	3,	6,	6),
(30,	'Humen',	'2017-11-20',	'2017-12-06',	893470,	'lectus in quam fringilla',	'2017-07-02',	'San Antonio',	7,	3,	8,	3),
(31,	'Kadusimbar',	'2017-03-14',	'2017-08-01',	821418,	'diam cras pellentesque volutpat dui',	'2017-03-30',	'Celendín',	7,	1,	10,	2),
(33,	'Fussa',	'2017-11-08',	'2017-06-05',	748229,	'ut massa volutpat',	'2017-05-03',	'Wukang',	1,	5,	10,	6),
(34,	'Vårgårda',	'2017-05-06',	'2017-03-24',	840327,	'lorem ipsum dolor sit amet',	'2017-03-09',	'Ljusdal',	8,	1,	8,	2),
(35,	'Aix-en-Provence',	'2017-09-18',	'2017-02-23',	808903,	'lorem id ligula suspendisse',	'2017-10-02',	'Caraballeda',	10,	8,	2,	10),
(36,	'Malaba',	'2018-02-13',	'2017-10-12',	185727,	'dolor quis odio consequat varius',	'2017-12-18',	'Umeå',	7,	7,	3,	6),
(37,	'Guaíba',	'2017-09-18',	'2017-08-06',	490347,	'nec condimentum neque sapien placerat',	'2017-04-10',	'Oklahoma City',	9,	8,	7,	5),
(38,	'Tangchi',	'2017-04-20',	'2017-08-06',	764938,	'a ipsum integer',	'2017-02-21',	'Angao',	10,	3,	6,	10),
(40,	'Takai',	'2017-12-19',	'2018-01-03',	980312,	'in tempus sit',	'2017-06-25',	'Dagang',	3,	3,	9,	2),
(41,	'Cournon-d\'Auvergne',	'2017-07-01',	'2018-01-07',	211824,	'nisl ut volutpat sapien',	'2017-07-10',	'Baltimore',	4,	8,	5,	4),
(42,	'Houilles',	'2018-02-06',	'2017-04-28',	327086,	'cras pellentesque volutpat dui',	'2017-12-26',	'Puyuan',	1,	4,	1,	6),
(43,	'Yaodu',	'2017-08-22',	'2017-09-11',	881539,	'ante vel ipsum praesent blandit',	'2017-05-03',	'Dalsjöfors',	2,	10,	5,	1),
(44,	'Alvito de São Pedro',	'2018-02-09',	'2017-12-27',	806442,	'felis fusce posuere',	'2017-09-02',	'Carletonville',	3,	6,	8,	10),
(45,	'Ponte Nova',	'2017-10-16',	'2017-12-05',	869730,	'amet justo morbi',	'2017-04-26',	'Pápa',	8,	8,	8,	9),
(46,	'Nanhai',	'2017-06-20',	'2017-10-27',	576515,	'ligula vehicula consequat morbi a',	'2018-02-13',	'Berovo',	4,	9,	2,	8),
(47,	'Harrismith',	'2017-07-06',	'2017-11-08',	348235,	'donec pharetra magna vestibulum aliquet',	'2018-01-06',	'Pervoural’sk',	2,	3,	5,	10),
(48,	'Pangantocan',	'2017-03-13',	'2017-05-08',	237533,	'vel pede morbi porttitor lorem',	'2017-08-29',	'Shahrud',	5,	8,	4,	6),
(49,	'Casal da Anja',	'2017-11-11',	'2017-10-24',	224240,	'tortor id nulla ultrices aliquet',	'2017-12-15',	'Zhashkiv',	4,	10,	2,	9),
(50,	'Nandu',	'2017-04-08',	'2017-04-12',	398196,	'justo eu massa donec dapibus',	'2017-08-01',	'Baiyang',	1,	4,	9,	1),
(51,	'Noebesa',	'2017-07-31',	'2017-07-06',	249561,	'pretium iaculis justo in',	'2017-09-05',	'Kotsyubyns’ke',	3,	10,	1,	7),
(52,	'Sicheng',	'2017-09-05',	'2017-12-05',	897492,	'magna bibendum imperdiet nullam orci',	'2017-02-25',	'Tomelilla',	10,	2,	7,	10),
(53,	'Mlanggeng',	'2017-06-27',	'2018-02-10',	881616,	'donec semper sapien',	'2017-08-16',	'Maqiu',	9,	8,	4,	10),
(55,	'Blarney',	'2017-04-24',	'2017-07-02',	606120,	'venenatis tristique fusce congue',	'2017-07-29',	'Gondomar',	7,	10,	3,	4),
(56,	'Sydney',	'2017-06-22',	'2017-11-17',	781093,	'iaculis diam erat',	'2017-04-15',	'Miaotang',	2,	9,	1,	1),
(57,	'Jinqiao',	'2017-03-28',	'2017-06-27',	903503,	'id nisl venenatis lacinia aenean',	'2017-10-21',	'Qal‘ah-ye Shahr',	9,	2,	5,	10),
(58,	'Golovchino',	'2017-04-09',	'2018-01-23',	654847,	'faucibus orci luctus',	'2018-01-17',	'Xaysetha',	3,	7,	4,	6),
(59,	'Luoluopu',	'2017-07-23',	'2017-06-08',	954330,	'tortor duis mattis egestas',	'2017-10-07',	'Sagasa',	10,	2,	7,	8),
(60,	'Pietermaritzburg',	'2018-01-02',	'2017-03-01',	658891,	'bibendum imperdiet nullam',	'2017-11-01',	'Blumbang',	1,	8,	6,	10),
(61,	'Nanhe',	'2017-05-09',	'2017-07-22',	143471,	'fusce posuere felis sed',	'2017-10-03',	'Lubrza',	9,	3,	3,	1),
(62,	'Fuvahmulah',	'2017-07-28',	'2017-04-15',	915021,	'donec quis orci',	'2017-03-29',	'Kosti',	6,	10,	2,	9),
(63,	'Troyes',	'2018-01-15',	'2017-07-21',	561986,	'eu massa donec dapibus',	'2017-05-21',	'La Serena',	1,	2,	8,	1),
(64,	'Sabana de Parra',	'2017-08-26',	'2017-07-22',	329101,	'odio condimentum id luctus',	'2017-06-26',	'Kizema',	4,	2,	3,	8),
(65,	'Cardal',	'2017-05-24',	'2017-04-18',	993767,	'volutpat eleifend donec ut',	'2018-01-09',	'Olofström',	8,	10,	10,	1),
(66,	'Yili',	'2017-06-20',	'2017-06-07',	247673,	'aliquam convallis nunc',	'2017-11-10',	'Bombu',	1,	2,	10,	2),
(67,	'San Onofre',	'2017-05-02',	'2017-11-04',	502523,	'diam erat fermentum',	'2017-07-01',	'Yuto',	5,	2,	3,	9),
(69,	'Bologna',	'2017-02-20',	'2017-08-02',	420725,	'amet nulla quisque',	'2017-10-03',	'Calumpang',	10,	2,	4,	3),
(70,	'Stockholm',	'2017-05-05',	'2017-10-04',	237993,	'pede venenatis non',	'2017-08-20',	'Hatsukaichi',	3,	6,	10,	5),
(71,	'Kayasula',	'2017-07-05',	'2017-10-16',	644976,	'odio consequat varius',	'2017-05-23',	'Itatuba',	1,	6,	4,	4),
(72,	'Canauay',	'2017-08-25',	'2017-09-24',	965629,	'ut suscipit a feugiat',	'2017-03-04',	'Ereira',	4,	1,	7,	9),
(73,	'Tajumulco',	'2017-05-16',	'2017-05-14',	751504,	'magnis dis parturient montes nascetur',	'2017-07-28',	'Dimbokro',	7,	3,	4,	6),
(75,	'Vân Canh',	'2017-10-28',	'2017-07-30',	854033,	'in consequat ut nulla sed',	'2018-01-03',	'Dayan',	3,	5,	4,	8),
(77,	'Parigi',	'2017-05-31',	'2017-10-06',	353101,	'maecenas tristique est',	'2017-05-27',	'Fuli',	6,	6,	6,	8),
(78,	'Ramiriquí',	'2018-01-24',	'2017-03-06',	815093,	'vulputate nonummy maecenas tincidunt',	'2017-05-04',	'Villa Cañás',	6,	5,	7,	2),
(79,	'Oslo',	'2017-06-27',	'2017-08-15',	769259,	'libero quis orci',	'2017-09-23',	'Dongfeng',	7,	5,	5,	2),
(80,	'Nuamuzi',	'2018-01-15',	'2017-05-06',	108861,	'nec nisi volutpat eleifend donec',	'2017-03-26',	'Warungpeuteuy',	5,	9,	9,	10),
(81,	'Jatiwangi',	'2017-08-24',	'2017-06-05',	584773,	'in ante vestibulum ante ipsum',	'2017-03-22',	'Gastoúni',	9,	4,	10,	5),
(82,	'Fengyuan',	'2017-04-23',	'2017-10-08',	650429,	'etiam faucibus cursus',	'2017-07-21',	'Caucasia',	2,	3,	4,	5),
(83,	'Besançon',	'2018-02-12',	'2017-12-27',	926005,	'commodo vulputate justo in blandit',	'2017-10-22',	'Gatesville',	10,	5,	2,	8),
(84,	'Ust’-Kachka',	'2017-10-22',	'2017-04-04',	729134,	'in felis donec',	'2017-04-24',	'Chorkówka',	5,	8,	7,	4),
(85,	'Varna',	'2017-08-14',	'2017-08-31',	892545,	'mus vivamus vestibulum',	'2017-02-25',	'San Rafael',	8,	9,	10,	5),
(86,	'Puji',	'2018-01-08',	'2017-03-13',	279850,	'amet nulla quisque arcu libero',	'2017-10-30',	'Villeta',	10,	4,	6,	8),
(87,	'Uzunovo',	'2017-09-13',	'2017-09-09',	628000,	'phasellus sit amet',	'2018-01-02',	'Medan',	7,	8,	7,	7),
(88,	'Wuhe Chengguanzhen',	'2017-09-16',	'2017-11-07',	716811,	'sit amet justo morbi ut',	'2017-07-31',	'Severoural’sk',	5,	10,	7,	5),
(89,	'Torslanda',	'2017-10-02',	'2017-11-17',	448720,	'lacinia eget tincidunt eget tempus',	'2017-12-03',	'Voskop',	1,	6,	9,	1),
(91,	'Guam Government House',	'2017-07-02',	'2017-09-01',	447963,	'diam id ornare',	'2017-04-26',	'Osogbo',	7,	10,	7,	8),
(92,	'Solec-Zdrój',	'2018-01-16',	'2017-07-15',	865887,	'auctor gravida sem',	'2017-03-23',	'Guane',	7,	8,	4,	8),
(93,	'Luorong',	'2017-03-30',	'2017-11-02',	496119,	'metus sapien ut',	'2017-04-23',	'Shahrud',	4,	6,	4,	10),
(95,	'Valle Grande',	'2018-01-02',	'2017-07-10',	483141,	'proin interdum mauris non',	'2017-07-07',	'Ovidiopol’',	1,	4,	10,	2),
(96,	'La Libertad',	'2017-09-18',	'2017-04-25',	711774,	'amet lobortis sapien sapien',	'2017-10-03',	'Koran',	5,	5,	10,	9),
(97,	'Chimbas',	'2017-04-16',	'2018-02-08',	948244,	'nulla neque libero convallis eget',	'2018-01-01',	'Bundoc',	6,	7,	2,	6),
(98,	'Suay',	'2017-06-10',	'2018-01-15',	152136,	'varius ut blandit',	'2017-02-23',	'Dalmatovo',	6,	1,	2,	9),
(99,	'Charata',	'2017-12-27',	'2017-10-10',	907489,	'augue vestibulum ante',	'2017-07-25',	'Zhyrovichy',	2,	1,	3,	5),
(100,	'Saint-Bruno-de-Guigues',	'2017-11-11',	'2017-06-28',	131644,	'urna ut tellus nulla',	'2017-03-09',	'Sambir',	10,	9,	5,	6);

DROP TABLE IF EXISTS `Ponuda`;
CREATE TABLE `Ponuda` (
  `BrPonude` int(10) NOT NULL AUTO_INCREMENT,
  `Datum` timestamp NULL DEFAULT NULL,
  `SifraKupca` int(10) NOT NULL,
  `SifraRadnika` int(10) NOT NULL,
  `Isporuka` varchar(255) DEFAULT NULL,
  `Banka` varchar(255) DEFAULT NULL,
  `TekuciRacun` varchar(255) DEFAULT NULL,
  `Uslovi` varchar(255) DEFAULT NULL,
  `Napomena` varchar(255) DEFAULT NULL,
  `Validnost` varchar(255) DEFAULT NULL,
  `PozivNaBroj` varchar(255) DEFAULT NULL,
  `Mesto` varchar(255) DEFAULT NULL,
  `DatumPrometa` varchar(255) DEFAULT NULL,
  `TipPlacanja` varchar(255) DEFAULT NULL,
  PRIMARY KEY (`BrPonude`),
  KEY `Ponuda_Radnik_SifraRadnika_fk` (`SifraRadnika`),
  KEY `Ponuda_Kupac_SifraKupca_fk` (`SifraKupca`),
  CONSTRAINT `Ponuda_Kupac_SifraKupca_fk` FOREIGN KEY (`SifraKupca`) REFERENCES `Kupac` (`SifraKupca`),
  CONSTRAINT `Ponuda_Radnik_SifraRadnika_fk` FOREIGN KEY (`SifraRadnika`) REFERENCES `Radnik` (`SifraRadnika`)
) ENGINE=InnoDB DEFAULT CHARSET=latin1;

INSERT INTO `Ponuda` (`BrPonude`, `Datum`, `SifraKupca`, `SifraRadnika`, `Isporuka`, `Banka`, `TekuciRacun`, `Uslovi`, `Napomena`, `Validnost`, `PozivNaBroj`, `Mesto`, `DatumPrometa`, `TipPlacanja`) VALUES
(1,	'2017-05-21 14:14:52',	1,	1,	'quam',	'Prosacco, Schoen and Hettinger',	'GL65 5195 1360 5755 86',	'dictumst morbi',	'matrices',	'ultricies',	'8781',	'Sidomakmur',	'2017-04-18 14:17:29',	'sed'),
(2,	'2017-11-16 05:06:02',	2,	2,	'nibh in',	'Murphy, Towne and Senger',	'BE34 4830 8693 5126',	'convallis nunc',	'Streamlined',	'ultrices enim',	'4901',	'Strasbourg',	'2017-04-25 06:51:12',	'vulputate'),
(3,	'2017-12-15 06:30:51',	3,	3,	'accumsan',	'Ledner-Schowalter',	'DE63 8704 5866 9186 4584 25',	'vel nisl',	'full-range',	'pretium',	'5346',	'Klampok',	'2017-03-26 03:13:19',	'nulla'),
(4,	'2017-10-21 12:47:54',	4,	4,	'sodales',	'Nicolas-Beahan',	'GL30 6657 9344 5941 72',	'erat eros',	'responsive',	'pede lobortis',	'2867',	'Oslo',	'2017-10-22 13:29:26',	'ligula'),
(5,	'2017-02-12 21:03:57',	5,	5,	'vestibulum vestibulum',	'Klein, Legros and Macejkovic',	'HR38 5363 1484 6211 3273 1',	'nunc donec quis',	'6th generation',	'turpis integer',	'8060',	'Mozdok',	'2017-11-24 02:56:15',	'nibh'),
(6,	'2017-02-10 14:30:09',	6,	6,	'hendrerit',	'Casper-Schoen',	'CY30 0111 5120 C2MO 6MXH PKSB NAB4',	'sit amet',	'non-volatile',	'quam sapien',	'3640',	'Tangjia',	'2017-09-07 02:34:22',	'tristique'),
(7,	'2017-07-24 15:12:16',	7,	7,	'tellus',	'Kautzer, Schinner and Stanton',	'PT46 7777 6968 1520 9647 0504 0',	'porta volutpat erat',	'approach',	'praesent id',	'7437',	'Zhangdu',	'2017-05-19 02:24:25',	'vestibulum'),
(8,	'2017-05-11 00:36:30',	8,	8,	'velit donec',	'Terry-Conroy',	'CY84 4170 2418 QYNN W3FQ 62CX DSCZ',	'id sapien',	'Enterprise-wide',	'iaculis',	'7177',	'Yungay',	'2017-05-19 23:07:27',	'ipsum'),
(9,	'2017-10-29 19:24:10',	9,	9,	'quis',	'Hirthe and Sons',	'VG31 WKNP 0642 7816 0361 6226',	'eget eleifend',	'open system',	'quisque',	'2380',	'Cambé',	'2017-09-09 15:21:01',	'orci'),
(10,	'2017-09-06 16:47:19',	10,	10,	'augue',	'Brakus, Johns and Schmitt',	'GL31 4032 9542 0549 23',	'morbi quis tortor',	'concept',	'pede',	'9237',	'Krajan Keboromo',	'2017-09-15 13:58:35',	'dolor'),
(11,	'2017-07-11 23:47:06',	11,	11,	'suspendisse',	'Tromp and Sons',	'ES45 0853 9301 3474 3010 7961',	'gravida nisi',	'portal',	'magna',	'3886',	'Paamiut',	'2017-06-08 22:00:31',	'velit'),
(12,	'2017-06-23 05:54:16',	12,	12,	'justo aliquam',	'Schuppe, Wunsch and Yost',	'DO47 FDQT 7201 1910 2647 0992 4885',	'nascetur ridiculus',	'object-oriented',	'ante ipsum',	'9667',	'Logan Lake',	'2017-11-19 23:44:25',	'nisl'),
(13,	'2017-01-23 04:36:45',	13,	13,	'volutpat in',	'Kozey-Lubowitz',	'MR02 1623 4099 7748 5177 6309 405',	'imperdiet et commodo',	'user-facing',	'tristique fusce',	'1717',	'Xianshui',	'2017-10-01 03:55:58',	'risus'),
(14,	'2017-09-11 02:09:15',	14,	14,	'sit amet',	'Lockman, Stanton and O\'Kon',	'FR98 5835 2573 5895 FI7B C9D7 S18',	'in blandit',	'Fundamental',	'suspendisse accumsan',	'6431',	'Xekar',	'2017-04-11 04:54:22',	'diam'),
(15,	'2017-11-06 06:19:10',	15,	15,	'scelerisque mauris',	'Kautzer-Swaniawski',	'IT75 A205 7253 098Q XC5M 1B0Y AJZ',	'ligula sit amet',	'local area network',	'congue risus',	'3072',	'Lutomiersk',	'2017-10-16 00:43:36',	'lacus'),
(16,	'2017-02-16 04:29:08',	16,	16,	'condimentum',	'Steuber-Leuschke',	'PK09 BNJR LPV9 TRJ8 IBP6 55MQ',	'ultrices phasellus',	'Persistent',	'phasellus id',	'4213',	'Benito Juarez',	'2017-07-13 01:16:35',	'volutpat'),
(17,	'2017-11-18 08:47:33',	17,	17,	'lorem id',	'Boyle Group',	'VG08 HKGP 6733 0728 8911 9855',	'fusce consequat',	'challenge',	'augue',	'3861',	'Cerrillos',	'2016-12-29 20:53:32',	'ac'),
(18,	'2017-08-21 13:43:47',	18,	18,	'nibh',	'Powlowski LLC',	'CY16 3282 4447 TCFX PZBE OV3H YZVY',	'at nulla',	'Diverse',	'felis fusce',	'2846',	'Tolbazy',	'2017-02-04 08:44:47',	'donec'),
(19,	'2017-02-27 06:05:29',	19,	19,	'augue',	'Brown Group',	'PK09 VJQG NBNL XTHI L78J SDNO',	'cum sociis',	'benchmark',	'est risus',	'7573',	'Sobeok',	'2017-08-21 11:16:20',	'sem'),
(20,	'2018-02-01 23:00:00',	20,	20,	'porttitor pede',	'Hickle, Runte and Borer',	'BG75 XDYF 6373 36ZH G4RN UX',	'nulla dapibus',	'maximized',	'amet diam',	'3210',	'Hisor',	'2017-10-02 21:38:43.0',	'quisque');

DROP TABLE IF EXISTS `Radnik`;
CREATE TABLE `Radnik` (
  `SifraRadnika` int(10) NOT NULL AUTO_INCREMENT,
  `Ime` varchar(255) DEFAULT NULL,
  `Adresa` varchar(255) DEFAULT NULL,
  `MatBr` int(14) NOT NULL,
  `BrTel` int(10) NOT NULL,
  `Email` varchar(255) DEFAULT NULL,
  `BrLk` int(10) NOT NULL,
  PRIMARY KEY (`SifraRadnika`)
) ENGINE=InnoDB DEFAULT CHARSET=latin1;

INSERT INTO `Radnik` (`SifraRadnika`, `Ime`, `Adresa`, `MatBr`, `BrTel`, `Email`, `BrLk`) VALUES
(1,	'Jewel Calven',	'64344 Mallard Junction',	12698911,	8377059,	'jcalven0@reference.com',	54871609),
(2,	'Ignacius Insoll',	'59090 Marquette Terrace',	46880955,	87496810,	'iinsoll1@phpbb.com',	33906797),
(3,	'Alistair Schubuser',	'08 Fair Oaks Trail',	24375903,	54739688,	'aschubuser2@dagondesign.com',	58707866),
(4,	'Katharine Gotling',	'3 Burning Wood Hill',	51036088,	51890715,	'kgotling3@walmart.com',	91765755),
(5,	'Camellia Hawgood',	'4 Briar Crest Avenue',	49636810,	49727978,	'chawgood4@1688.com',	42750727),
(6,	'Fred Ughelli',	'8 Reindahl Alley',	69353775,	646336,	'fughelli5@discovery.com',	19335935),
(7,	'Roddie Daintrey',	'75 Sommers Junction',	13134108,	45987264,	'rdaintrey6@reuters.com',	79684028),
(8,	'Vinny Domini',	'5 Autumn Leaf Pass',	15890815,	55701180,	'vdomini7@php.net',	73841217),
(9,	'Matty Colquete',	'8 Bobwhite Drive',	86454090,	90871125,	'mcolquete8@dedecms.com',	18657524),
(10,	'Lenard Stanners',	'5 Dapin Trail',	76022731,	68942808,	'lstanners9@gnu.org',	92753461),
(11,	'Malinda Cheney',	'453 Meadow Vale Drive',	32439696,	54439591,	'mcheneya@blogs.com',	11006214),
(12,	'Wenda Logan',	'5517 Donald Street',	51103103,	17430782,	'wloganb@diigo.com',	15774408),
(13,	'Eberhard Lissandri',	'11 Holy Cross Parkway',	80749624,	134233,	'elissandric@fema.gov',	30405127),
(14,	'Karlyn Medgwick',	'72760 Schmedeman Junction',	71274369,	85679636,	'kmedgwickd@typepad.com',	67080083),
(15,	'Currey Allatt',	'1 Armistice Lane',	78387959,	75356153,	'callatte@ucoz.com',	11983742),
(16,	'Drucy Rowlin',	'74844 Pleasure Junction',	93677657,	89096171,	'drowlinf@hud.gov',	40730962),
(17,	'Florrie Garfit',	'9523 Bashford Crossing',	57294852,	26453790,	'fgarfitg@ebay.co.uk',	91051752),
(18,	'Herschel McAster',	'4255 Trailsway Road',	52465433,	23686688,	'hmcasterh@statcounter.com',	29874749),
(19,	'Fidel Blizard',	'437 Sunfield Street',	34321877,	52372265,	'fblizardi@ifeng.com',	82573818),
(20,	'Marietta Noorwood',	'8038 Waywood Drive',	87565015,	45139613,	'mnoorwoodj@omniture.com',	30883624),
(21,	'Jolee Brabon',	'32 Myrtle Way',	45180958,	44290607,	'jbrabonk@hugedomains.com',	22789723),
(22,	'Cart Genese',	'884 Superior Pass',	67085944,	65115325,	'cgenesel@usda.gov',	93982984),
(23,	'Marylin Ivanonko',	'660 Hallows Place',	60388646,	48820907,	'mivanonkom@sakura.ne.jp',	20151652),
(24,	'Siusan Swayne',	'7000 Lillian Trail',	85320663,	48857995,	'sswaynen@state.tx.us',	62724158),
(25,	'Sibyl Kirkness',	'7 Starling Junction',	81746205,	50583373,	'skirknesso@smugmug.com',	81109001),
(26,	'Marchelle Rennie',	'80 Pearson Junction',	98816721,	29171529,	'mrenniep@cornell.edu',	47861989),
(27,	'Alasdair Wood',	'4463 Northland Place',	50186193,	59173672,	'awoodq@ftc.gov',	30078744),
(28,	'Romonda Deware',	'785 Cambridge Alley',	32499811,	82158466,	'rdewarer@miitbeian.gov.cn',	98436889),
(29,	'Rosalind Rudolfer',	'4 Dakota Trail',	50557863,	46317723,	'rrudolfers@jugem.jp',	47191675),
(30,	'Alexandrina Somes',	'83019 Lakeland Drive',	31804820,	73513476,	'asomest@narod.ru',	71894386),
(31,	'Appolonia McKellar',	'26 Surrey Lane',	56479636,	21411488,	'amckellaru@blog.com',	51153093),
(32,	'Eustace Goldhill',	'39 Union Trail',	53404850,	26506826,	'egoldhillv@mtv.com',	18827940),
(33,	'Loydie Gorusso',	'56204 Talmadge Junction',	11182648,	82957006,	'lgorussow@elpais.com',	64337897),
(34,	'Murdock Kochlin',	'3 Sherman Point',	50808839,	95209768,	'mkochlinx@stanford.edu',	29816579),
(35,	'Margarita Spring',	'40 Farragut Pass',	51682391,	44524929,	'mspringy@rakuten.co.jp',	27531837),
(36,	'Barnabas Pitway',	'49003 8th Crossing',	54050551,	69160813,	'bpitwayz@cbslocal.com',	58780843),
(37,	'Ragnar Fould',	'0 Ruskin Road',	81314124,	67016497,	'rfould10@utexas.edu',	90902317),
(38,	'Lil Thumnel',	'7 Autumn Leaf Parkway',	47990106,	87746443,	'lthumnel11@homestead.com',	14169427),
(39,	'Niels Berthod',	'2580 Marcy Road',	59564396,	87928571,	'nberthod12@github.com',	58444270),
(40,	'Peggie Belden',	'042 Summit Alley',	79192856,	87352380,	'pbelden13@amazon.co.jp',	80751492),
(41,	'Muire Iacomelli',	'07107 Fallview Center',	38201326,	24569562,	'miacomelli14@google.co.jp',	16155666),
(42,	'Thekla Aldham',	'43 Vera Avenue',	92862314,	90635322,	'taldham15@cargocollective.com',	64023613),
(43,	'Herbert Burborough',	'7 Westridge Drive',	25630367,	40277516,	'hburborough16@moonfruit.com',	82888301),
(44,	'Patricio Rudolfer',	'351 Shasta Avenue',	61224799,	10456035,	'prudolfer17@xrea.com',	51303838),
(45,	'Joanna Christer',	'4241 Fairfield Road',	96524235,	66341248,	'jchrister18@google.de',	42682460),
(46,	'Mandie O\'Boyle',	'1 Bluejay Terrace',	39925758,	23094510,	'moboyle19@github.io',	44760240),
(47,	'Sherrie Dorkin',	'54 Holmberg Circle',	19663668,	7233483,	'sdorkin1a@google.ca',	47455091),
(48,	'Kristofor Debnam',	'9882 Mallard Alley',	67322423,	51853453,	'kdebnam1b@newyorker.com',	80794728),
(49,	'Letitia McArt',	'27048 Ridgeway Pass',	83115460,	55636700,	'lmcart1c@mysql.com',	76664206),
(50,	'Bridie Walling',	'68219 John Wall Avenue',	19988448,	83783163,	'bwalling1d@ucoz.ru',	86486989);

DROP TABLE IF EXISTS `StavkaFakture`;
CREATE TABLE `StavkaFakture` (
  `RBr` int(10) NOT NULL,
  `Kolicina` int(10) DEFAULT NULL,
  `ArtikalSifraArtikla` int(10) NOT NULL,
  `BrFakture` int(10) NOT NULL,
  PRIMARY KEY (`RBr`,`BrFakture`),
  KEY `FKStavkaFakt733932` (`BrFakture`),
  CONSTRAINT `FKStavkaFakt733932` FOREIGN KEY (`BrFakture`) REFERENCES `Faktura` (`BrFakture`)
) ENGINE=InnoDB DEFAULT CHARSET=latin1;

INSERT INTO `StavkaFakture` (`RBr`, `Kolicina`, `ArtikalSifraArtikla`, `BrFakture`) VALUES
(1,	72,	9,	4),
(1,	25,	14,	8),
(1,	46,	12,	9),
(1,	48,	2,	14),
(1,	9,	4,	26),
(1,	73,	19,	27),
(1,	51,	16,	28),
(1,	37,	17,	29),
(1,	34,	7,	31),
(1,	3,	5,	32),
(1,	57,	6,	33),
(1,	59,	1,	35),
(1,	55,	15,	37),
(1,	5,	8,	40),
(1,	65,	8,	43),
(1,	92,	15,	46),
(1,	95,	17,	47),
(1,	12,	16,	48),
(2,	19,	8,	4),
(2,	35,	20,	5),
(2,	94,	12,	6),
(2,	51,	9,	10),
(2,	96,	14,	11),
(2,	55,	18,	14),
(2,	26,	14,	16),
(2,	46,	10,	19),
(2,	82,	20,	21),
(2,	86,	5,	23),
(2,	62,	10,	25),
(2,	36,	11,	28),
(2,	96,	20,	32),
(2,	66,	6,	34),
(2,	54,	17,	35),
(2,	98,	19,	41),
(2,	30,	10,	43),
(2,	43,	19,	45),
(2,	61,	8,	46),
(2,	39,	3,	47),
(2,	81,	19,	49),
(3,	92,	20,	2),
(3,	91,	14,	3),
(3,	98,	1,	9),
(3,	65,	8,	10),
(3,	15,	4,	13),
(3,	26,	2,	15),
(3,	92,	6,	16),
(3,	56,	17,	19),
(3,	31,	18,	23),
(3,	100,	18,	26),
(3,	22,	18,	29),
(3,	14,	13,	30),
(3,	87,	1,	31),
(3,	19,	20,	32),
(3,	4,	1,	34),
(3,	29,	8,	37),
(3,	42,	16,	38),
(3,	29,	11,	40),
(3,	34,	9,	41),
(3,	7,	19,	47),
(3,	98,	10,	49),
(3,	61,	13,	50);

DROP TABLE IF EXISTS `StavkaNarudzbenice`;
CREATE TABLE `StavkaNarudzbenice` (
  `RBr` int(10) NOT NULL,
  `BrNarudzbenice` int(10) NOT NULL,
  `Kolicina` int(10) DEFAULT NULL,
  `SifraArtikla` int(10) NOT NULL,
  `Napomena` varchar(255) DEFAULT NULL,
  PRIMARY KEY (`RBr`,`BrNarudzbenice`),
  KEY `StavkaNarudzbenice_ARTIKAL_SIFRAARTIKLA_fk` (`SifraArtikla`),
  KEY `StavkaNarudzbenice_Narudzbenica_BrNarudzbenice_fk` (`BrNarudzbenice`),
  CONSTRAINT `StavkaNarudzbenice_ARTIKAL_SIFRAARTIKLA_fk` FOREIGN KEY (`SifraArtikla`) REFERENCES `ARTIKAL` (`SIFRAARTIKLA`),
  CONSTRAINT `StavkaNarudzbenice_Narudzbenica_BrNarudzbenice_fk` FOREIGN KEY (`BrNarudzbenice`) REFERENCES `Narudzbenica` (`BrNarudzbenice`)
) ENGINE=InnoDB DEFAULT CHARSET=latin1;

INSERT INTO `StavkaNarudzbenice` (`RBr`, `BrNarudzbenice`, `Kolicina`, `SifraArtikla`, `Napomena`) VALUES
(1,	3,	54,	5,	'Multi-channelled'),
(1,	4,	69,	4,	'Extended'),
(1,	14,	54,	12,	'projection'),
(1,	20,	35,	13,	'collaboration'),
(1,	28,	28,	16,	'capability'),
(1,	33,	4,	21,	'global'),
(1,	37,	71,	16,	'human-resource'),
(1,	38,	30,	2,	'User-friendly'),
(1,	45,	7,	7,	'Grass-roots'),
(1,	48,	37,	22,	'software'),
(1,	49,	29,	10,	'multi-state'),
(2,	2,	13,	25,	'executive'),
(2,	9,	30,	2,	'Multi-tiered'),
(2,	19,	47,	10,	'system-worthy'),
(2,	21,	1,	2,	'Grass-roots'),
(2,	22,	66,	3,	'web-enabled'),
(2,	28,	77,	24,	'Open-architected'),
(2,	33,	9,	22,	'Re-engineered'),
(2,	34,	43,	10,	'secondary'),
(2,	35,	32,	14,	'Synchronised'),
(2,	36,	83,	25,	'multimedia'),
(2,	48,	12,	7,	'success'),
(3,	4,	44,	6,	'product'),
(3,	7,	81,	21,	'background'),
(3,	9,	49,	5,	'Down-sized'),
(3,	12,	91,	8,	'portal'),
(3,	19,	81,	12,	'logistical'),
(3,	20,	19,	2,	'access'),
(3,	29,	54,	22,	'4th generation'),
(3,	36,	17,	21,	'Object-based'),
(3,	41,	58,	4,	'Self-enabling'),
(3,	42,	64,	9,	'local area network'),
(3,	44,	52,	8,	'demand-driven'),
(3,	46,	62,	7,	'optimal');

DROP TABLE IF EXISTS `StavkaOtpremnice`;
CREATE TABLE `StavkaOtpremnice` (
  `Rbr` int(10) NOT NULL,
  `Kolicina` int(10) DEFAULT NULL,
  `BrOtpremnice` int(10) NOT NULL,
  `SifraArtikla` int(10) DEFAULT NULL,
  `Napomena` varchar(255) DEFAULT NULL,
  PRIMARY KEY (`Rbr`,`BrOtpremnice`),
  KEY `StavkaOtpremnice_Otpremnica_BrOtpremnice_fk` (`BrOtpremnice`),
  KEY `StavkaOtpremnice_ARTIKAL_SIFRAARTIKLA_fk` (`SifraArtikla`),
  CONSTRAINT `StavkaOtpremnice_ARTIKAL_SIFRAARTIKLA_fk` FOREIGN KEY (`SifraArtikla`) REFERENCES `ARTIKAL` (`SIFRAARTIKLA`),
  CONSTRAINT `StavkaOtpremnice_Otpremnica_BrOtpremnice_fk` FOREIGN KEY (`BrOtpremnice`) REFERENCES `Otpremnica` (`BrOtpremnice`)
) ENGINE=InnoDB DEFAULT CHARSET=latin1;

INSERT INTO `StavkaOtpremnice` (`Rbr`, `Kolicina`, `BrOtpremnice`, `SifraArtikla`, `Napomena`) VALUES
(1,	65,	2,	3,	'pede ullamcorper'),
(1,	35,	3,	3,	'justo pellentesque'),
(1,	31,	4,	24,	'viverra pede ac diam'),
(1,	39,	10,	3,	'enim in tempor'),
(1,	86,	15,	22,	'rutrum nulla nunc purus'),
(2,	95,	3,	2,	'nulla pede'),
(2,	63,	9,	14,	'non mauris morbi non'),
(2,	33,	13,	14,	'sapien a'),
(2,	54,	14,	7,	'sed accumsan felis ut'),
(2,	38,	15,	9,	'potenti cras'),
(2,	48,	18,	24,	'risus auctor'),
(2,	93,	19,	10,	'quam fringilla rhoncus mauris'),
(2,	22,	20,	8,	'vestibulum velit id pretium'),
(3,	57,	3,	2,	'rutrum nulla tellus'),
(3,	93,	4,	24,	'porttitor pede'),
(3,	21,	5,	14,	'sed vestibulum'),
(3,	4,	10,	16,	'euismod scelerisque quam turpis'),
(3,	70,	11,	15,	'elit proin risus praesent'),
(3,	34,	12,	13,	'odio condimentum'),
(3,	33,	13,	7,	'est donec odio justo'),
(3,	13,	15,	6,	'risus auctor'),
(3,	37,	16,	2,	'lacinia erat'),
(3,	31,	18,	9,	'consequat lectus in est'),
(3,	2,	19,	16,	'non quam nec');

DROP TABLE IF EXISTS `StavkaPonude`;
CREATE TABLE `StavkaPonude` (
  `Rbr` int(10) NOT NULL AUTO_INCREMENT,
  `BrPonude` int(10) NOT NULL,
  `Kolicina` int(10) NOT NULL,
  `SifraArtikla` int(10) NOT NULL,
  `napomenastavke` varchar(255) DEFAULT NULL,
  PRIMARY KEY (`Rbr`,`BrPonude`),
  KEY `FKg2r7mhbb0pcg3ko84eepxdo32` (`SifraArtikla`),
  KEY `FKha8qo9fq6hx3xp7eui4klw94h` (`BrPonude`),
  CONSTRAINT `FKg2r7mhbb0pcg3ko84eepxdo32` FOREIGN KEY (`SifraArtikla`) REFERENCES `ARTIKAL` (`SIFRAARTIKLA`),
  CONSTRAINT `FKha8qo9fq6hx3xp7eui4klw94h` FOREIGN KEY (`BrPonude`) REFERENCES `Ponuda` (`BrPonude`)
) ENGINE=InnoDB DEFAULT CHARSET=latin1;

INSERT INTO `StavkaPonude` (`Rbr`, `BrPonude`, `Kolicina`, `SifraArtikla`, `napomenastavke`) VALUES
(1,	1,	2,	14,	'superstructure'),
(1,	2,	59,	15,	'functionalities'),
(1,	3,	72,	8,	'transitional'),
(1,	5,	13,	6,	'modular'),
(1,	6,	47,	1,	'homogeneous'),
(1,	7,	8,	9,	'24 hour'),
(1,	8,	61,	12,	'time-frame'),
(1,	9,	46,	6,	'Automated'),
(1,	10,	29,	15,	'eco-centric'),
(1,	11,	61,	8,	'firmware'),
(1,	12,	1,	9,	'static'),
(1,	13,	90,	3,	'well-modulated'),
(1,	14,	44,	11,	'local area network'),
(1,	16,	39,	10,	'Centralized'),
(1,	17,	16,	9,	'6th generation'),
(1,	18,	90,	9,	'Face to face'),
(1,	19,	16,	14,	'intangible'),
(2,	1,	36,	2,	'Grass-roots'),
(2,	2,	90,	1,	'Universal'),
(2,	3,	73,	4,	'heuristic'),
(2,	4,	22,	8,	'high-level'),
(2,	5,	30,	11,	'Compatible'),
(2,	7,	54,	1,	'tangible'),
(2,	8,	51,	9,	'matrices'),
(2,	9,	89,	16,	'extranet'),
(2,	10,	6,	1,	'Total'),
(2,	11,	14,	11,	'cohesive'),
(2,	13,	94,	11,	'service-desk'),
(2,	15,	62,	1,	'Organized'),
(2,	16,	65,	13,	'emulation'),
(2,	18,	87,	14,	'groupware'),
(2,	19,	8,	2,	'reciprocal'),
(2,	20,	66,	15,	'systematic'),
(3,	2,	91,	13,	'composite'),
(3,	5,	9,	15,	'process improvement'),
(3,	6,	59,	3,	'Ergonomic'),
(3,	7,	42,	9,	'moderator'),
(3,	8,	14,	11,	'Versatile'),
(3,	9,	25,	16,	'hierarchy'),
(3,	10,	46,	7,	'fresh-thinking'),
(3,	11,	67,	5,	'6th generation'),
(3,	12,	39,	1,	'intangible'),
(3,	13,	53,	4,	'throughput'),
(3,	15,	69,	12,	'policy'),
(3,	17,	18,	10,	'hybrid'),
(3,	18,	41,	14,	'zero tolerance'),
(3,	20,	45,	2,	'content-based'),
(4,	1,	92,	15,	'Streamlined'),
(4,	2,	17,	8,	'toolset'),
(4,	3,	1,	9,	'middleware'),
(4,	4,	89,	1,	'maximized'),
(4,	6,	10,	10,	'stable'),
(4,	7,	34,	4,	'context-sensitive'),
(4,	9,	77,	10,	'5th generation'),
(4,	10,	4,	13,	'incremental'),
(4,	11,	47,	4,	'maximized'),
(4,	12,	38,	8,	'tertiary'),
(4,	13,	22,	1,	'24 hour'),
(4,	15,	68,	3,	'actuating'),
(4,	16,	32,	14,	'time-frame'),
(4,	17,	54,	11,	'homogeneous'),
(4,	18,	63,	3,	'Inverse'),
(4,	19,	35,	3,	'Organized');

DROP TABLE IF EXISTS `StavkaUpita`;
CREATE TABLE `StavkaUpita` (
  `Rbr` int(10) NOT NULL,
  `Kolicina` int(10) DEFAULT NULL,
  `SifraUpita` int(10) NOT NULL,
  `Napomena` varchar(255) DEFAULT NULL,
  `SifraArtikla` int(11) DEFAULT NULL,
  PRIMARY KEY (`Rbr`,`SifraUpita`),
  KEY `FKStavkaUpit382559` (`SifraUpita`),
  KEY `StavkaUpita_ARTIKAL_SIFRAARTIKLA_fk` (`SifraArtikla`),
  CONSTRAINT `FKStavkaUpit382559` FOREIGN KEY (`SifraUpita`) REFERENCES `Upit` (`SifraUpita`),
  CONSTRAINT `StavkaUpita_ARTIKAL_SIFRAARTIKLA_fk` FOREIGN KEY (`SifraArtikla`) REFERENCES `ARTIKAL` (`SIFRAARTIKLA`)
) ENGINE=InnoDB DEFAULT CHARSET=latin1;

INSERT INTO `StavkaUpita` (`Rbr`, `Kolicina`, `SifraUpita`, `Napomena`, `SifraArtikla`) VALUES
(1,	50,	1,	'bibendum felis',	5),
(1,	15,	2,	'venenatis non sodales',	7),
(1,	56,	3,	'dapibus at',	16),
(1,	46,	4,	'at nulla',	9),
(1,	82,	5,	'curabitur gravida',	24),
(1,	90,	6,	'leo odio',	7),
(1,	34,	7,	'rhoncus aliquam lacus',	13),
(1,	13,	8,	'primis in faucibus',	24),
(1,	94,	9,	'blandit lacinia',	8),
(1,	94,	11,	'integer aliquet',	14),
(1,	5,	12,	'ut massa',	12),
(1,	34,	13,	'ut mauris',	22),
(1,	33,	14,	'lacus morbi',	15),
(1,	76,	15,	'vel lectus',	7),
(1,	31,	16,	'sapien a libero',	12),
(1,	20,	17,	'quisque ut',	13),
(1,	20,	18,	'sapien non',	25),
(1,	38,	19,	'metus sapien ut',	22),
(1,	31,	20,	'pede lobortis',	7),
(2,	21,	1,	'penatibus et magnis',	3),
(2,	46,	3,	'sapien urna pretium',	3),
(2,	13,	4,	'vivamus vestibulum sagittis',	24),
(2,	32,	5,	'at vulputate vitae',	25),
(2,	31,	6,	'ut nunc',	7),
(2,	26,	7,	'et ultrices',	24),
(2,	23,	8,	'ut suscipit',	6),
(2,	66,	9,	'consequat morbi',	4),
(2,	41,	10,	'ante ipsum primis',	11),
(2,	39,	11,	'libero non mattis',	7),
(2,	98,	12,	'diam vitae',	13),
(2,	11,	13,	'condimentum id',	16),
(2,	90,	14,	'sapien a libero',	25),
(2,	94,	16,	'eu massa donec',	1),
(2,	7,	17,	'nam dui',	11),
(2,	77,	18,	'nec sem duis',	3),
(2,	38,	20,	'felis ut',	2),
(3,	65,	1,	'tortor risus dapibus',	1),
(3,	75,	2,	'pede libero quis',	13),
(3,	67,	3,	'integer ac leo',	21),
(3,	87,	4,	'ullamcorper augue a',	9),
(3,	98,	6,	'adipiscing elit',	8),
(3,	63,	7,	'rutrum at',	11),
(3,	80,	8,	'aliquam non mauris',	25),
(3,	14,	9,	'vestibulum ante',	24),
(3,	62,	10,	'duis at velit',	10),
(3,	16,	11,	'curabitur convallis duis',	24),
(3,	70,	12,	'orci luctus',	15),
(3,	65,	13,	'penatibus et',	4),
(3,	59,	14,	'dictumst etiam faucibus',	2),
(3,	90,	15,	'sit amet',	2),
(3,	71,	16,	'cursus vestibulum proin',	3),
(3,	54,	17,	'augue vestibulum',	6),
(3,	32,	18,	'dolor vel',	1),
(3,	58,	19,	'id consequat',	7),
(3,	79,	20,	'nullam molestie nibh',	14);

DROP TABLE IF EXISTS `Upit`;
CREATE TABLE `Upit` (
  `SifraUpita` int(10) NOT NULL AUTO_INCREMENT,
  `Datum` varchar(50) DEFAULT NULL,
  `RadnikSifraRadnika` int(10) NOT NULL,
  `KupacSifraKupca` int(10) NOT NULL,
  PRIMARY KEY (`SifraUpita`),
  KEY `FKUpit379848` (`RadnikSifraRadnika`),
  KEY `FKUpit458783` (`KupacSifraKupca`),
  CONSTRAINT `FKUpit379848` FOREIGN KEY (`RadnikSifraRadnika`) REFERENCES `Radnik` (`SifraRadnika`),
  CONSTRAINT `FKUpit458783` FOREIGN KEY (`KupacSifraKupca`) REFERENCES `Kupac` (`SifraKupca`)
) ENGINE=InnoDB DEFAULT CHARSET=latin1;

INSERT INTO `Upit` (`SifraUpita`, `Datum`, `RadnikSifraRadnika`, `KupacSifraKupca`) VALUES
(1,	'2017-11-08',	8,	5),
(2,	'2017-09-30',	4,	3),
(3,	'2017-06-26',	6,	9),
(4,	'2018-01-12',	6,	4),
(5,	'2018-01-15',	3,	1),
(6,	'2017-12-29',	5,	8),
(7,	'2017-04-22',	4,	5),
(8,	'2017-03-09',	3,	2),
(9,	'2017-06-29',	5,	8),
(10,	'2017-05-03',	3,	8),
(11,	'2017-09-24',	1,	5),
(12,	'2018-01-06',	3,	7),
(13,	'2017-05-15',	8,	8),
(14,	'2017-05-27',	9,	8),
(15,	'2017-04-06',	9,	1),
(16,	'2017-07-28',	6,	8),
(17,	'2017-12-14',	6,	10),
(18,	'2018-01-09',	1,	5),
(19,	'2017-10-28',	6,	10),
(20,	'2017-02-27',	3,	5),
(21,	'2017-08-03',	1,	10),
(22,	'2017-06-01',	9,	4),
(23,	'2017-12-12',	5,	9),
(24,	'2017-02-22',	5,	3),
(25,	'2017-05-08',	5,	3),
(26,	'2017-06-23',	10,	2),
(27,	'2018-02-12',	7,	3),
(28,	'2017-07-16',	7,	9),
(29,	'2017-09-01',	9,	1),
(30,	'2017-07-24',	2,	8),
(31,	'2017-07-28',	9,	6),
(32,	'2017-07-30',	10,	7),
(33,	'2018-02-04',	8,	9),
(34,	'2017-05-31',	5,	10),
(35,	'2018-02-12',	7,	4),
(36,	'2017-08-06',	4,	7),
(37,	'2017-02-28',	9,	3),
(38,	'2017-06-06',	3,	10),
(39,	'2018-01-23',	9,	7),
(40,	'2017-10-12',	8,	10),
(41,	'2017-05-29',	6,	10),
(42,	'2017-09-13',	3,	1),
(43,	'2017-08-09',	5,	8),
(44,	'2017-03-14',	9,	3),
(45,	'2017-10-21',	9,	5),
(46,	'2017-12-31',	2,	1),
(47,	'2017-09-12',	9,	5),
(48,	'2018-01-18',	9,	1),
(49,	'2017-12-24',	7,	7),
(50,	'2018-02-12',	3,	2),
(51,	'2017-09-20',	10,	8),
(52,	'2017-11-14',	2,	2),
(53,	'2017-05-20',	5,	9),
(54,	'2017-03-28',	6,	6),
(55,	'2017-10-31',	8,	9),
(56,	'2017-06-26',	10,	9),
(57,	'2017-02-25',	2,	7),
(58,	'2017-03-05',	7,	3),
(59,	'2018-01-14',	3,	2),
(60,	'2017-07-05',	7,	3),
(61,	'2018-01-21',	6,	9),
(62,	'2017-05-26',	2,	2),
(63,	'2017-12-16',	4,	7),
(64,	'2017-12-09',	9,	1),
(65,	'2017-08-11',	1,	5),
(66,	'2017-05-04',	9,	10),
(67,	'2018-01-22',	8,	2),
(68,	'2017-08-07',	10,	7),
(69,	'2017-03-09',	6,	9),
(70,	'2017-02-21',	4,	5),
(71,	'2017-04-28',	7,	4),
(72,	'2017-05-23',	9,	3),
(73,	'2017-04-10',	10,	10),
(74,	'2017-04-15',	3,	9),
(75,	'2017-04-27',	6,	3),
(76,	'2017-11-14',	7,	2),
(77,	'2017-04-28',	7,	7),
(78,	'2017-11-18',	3,	3),
(79,	'2017-03-19',	3,	6),
(80,	'2017-08-11',	10,	4),
(81,	'2017-04-13',	4,	9),
(82,	'2017-04-22',	2,	9),
(83,	'2017-12-29',	10,	8),
(84,	'2017-11-29',	6,	1),
(85,	'2017-08-16',	6,	1),
(86,	'2018-01-06',	5,	3),
(87,	'2017-02-27',	2,	2),
(88,	'2017-04-24',	5,	4),
(89,	'2017-07-03',	3,	4),
(90,	'2017-12-20',	4,	3),
(91,	'2017-02-14',	3,	9),
(92,	'2017-03-27',	4,	3),
(93,	'2017-11-15',	8,	2),
(94,	'2017-07-21',	1,	9),
(95,	'2017-03-30',	2,	7),
(96,	'2017-09-01',	5,	1),
(97,	'2017-11-14',	6,	1),
(98,	'2017-12-15',	5,	8),
(99,	'2017-07-08',	3,	9),
(100,	'2017-07-14',	1,	3);

-- 2018-02-17 09:23:29
